record_id,age_group,age,weight,gender,region,smoking_status,exercise_frequency,bmi,blood_pressure,diabetes,hypertension,cholesterol_level,glucose_level,visit_date
8938f04f-551e-4542-a637-66c17685e546,26-35,35,61,Male,South,Non-Smoker,Weekly,27.28,134.2,False,False,180.1,101.5,2026-07-16
7669cb30-42c0-4953-be69-9697421b9ad2,46-60,57,59,Male,East,Former Smoker,Weekly,20.61,144.7,False,True,205.2,91.6,2026-07-29
f41c6f7b-833a-4d39-a0e0-d50996ad4fcf,60+,73,62,Female,East,Former Smoker,Weekly,27.15,148.9,False,False,217.3,104.0,2026-07-08
157d435c-f498-4be1-99ed-6559fd86f91d,46-60,52,54,Female,East,Former Smoker,Weekly,21.46,141.1,True,False,194.2,97.8,2025-10-24
677df98b-6bd6-4540-ba76-b3d404c7539b,36-45,38,75,Male,South,Former Smoker,Weekly,24.25,125.4,False,False,148.2,85.7,2026-01-23
31e41905-6092-4688-9987-752462962951,36-45,38,68,Female,East,Former Smoker,Rarely,24.08,118.4,False,False,208.9,100.5,2025-06-03
13a5662d-d500-41c5-82d2-a160798c2691,60+,75,69,Female,North,Non-Smoker,Rarely,22.5,141.7,False,False,216.3,112.0,2025-02-03
85cb6d25-7ab4-4eae-867f-867e0de3600b,46-60,58,64,Male,North,Non-Smoker,Weekly,23.11,145.5,False,False,223.6,108.6,2025-10-06
aa46a585-4ee4-437d-b161-dde9b615348c,18-25,20,60,Male,East,Former Smoker,Weekly,22.04,90.0,False,False,177.6,97.8,2026-04-26
b2aa7a1a-4e88-4c4f-a9b0-b06f7b075fee,60+,80,65,Female,East,Non-Smoker,Daily,23.98,156.8,False,False,187.4,110.3,2025-02-07
9a7061b0-3ea9-4f14-9b2b-a4517e41328e,60+,69,83,Male,South,Non-Smoker,Never,30.53,145.9,False,False,218.6,110.2,2026-09-06
5bc9626a-00c1-42c9-9b53-7b5377d91c71,36-45,43,49,Male,East,Non-Smoker,Daily,19.55,143.3,False,False,156.4,73.3,2025-02-28
c00d313d-7e00-43d3-9703-5d59ea11954c,60+,78,91,Female,South,Non-Smoker,Rarely,30.27,164.0,False,True,216.5,152.0,2025-06-26
69436f67-a765-4080-b89e-34e30825d09a,36-45,37,73,Male,East,Former Smoker,Rarely,27.63,142.6,False,False,188.0,96.6,2025-01-22
e842e35c-75d3-4171-8780-fdd7cbc87b63,18-25,21,53,Female,North,Non-Smoker,Weekly,22.66,99.4,False,False,165.2,106.8,2025-03-11
ea0f5620-540d-4b42-9376-a8d41dbe5fac,46-60,58,55,Female,East,Former Smoker,Weekly,21.19,134.1,False,False,185.8,98.5,2026-05-22
1be34e22-f8fd-4844-8b9e-dee043fdc735,26-35,26,41,Male,South,Non-Smoker,Daily,16.9,104.7,False,False,183.3,73.9,2026-09-08
46e936f1-e12e-4948-be43-cdcc5787d3b2,46-60,47,86,Male,South,Non-Smoker,Rarely,26.93,150.5,False,False,202.1,117.8,2026-01-17
dcabfd8f-e0d9-49f2-bd6e-9b73b5a57edc,36-45,40,44,Other,East,Former Smoker,Daily,17.45,140.1,False,False,151.1,89.6,2025-12-29
970d3ab5-16a9-4eb4-aad8-86a6473a424b,60+,64,81,Male,West,Non-Smoker,Weekly,29.4,141.5,False,True,193.0,120.9,2025-06-10
3bdffb28-6315-4604-9e1f-9a79135640b3,26-35,31,56,Female,North,Non-Smoker,Weekly,20.53,119.1,False,False,202.5,85.7,2026-08-06
e13a502a-5c77-407a-93ea-d74d47b19dda,18-25,24,47,Female,East,Smoker,Never,19.0,125.4,False,False,152.1,113.2,2026-09-15
1ccb61dd-7a68-4390-8ee3-683e487f3a7e,46-60,51,81,Male,South,Smoker,Weekly,27.82,151.1,False,False,227.3,115.7,2026-01-16
7e212b92-cae5-4201-8f78-4abe7baccf95,36-45,36,80,Male,North,Non-Smoker,Rarely,25.48,127.3,False,False,146.8,88.8,2026-03-30
7045b83c-f0d2-4a90-b71e-825358deffe0,60+,73,56,Male,West,Non-Smoker,Rarely,21.51,167.0,False,False,209.1,124.6,2025-01-25
4eafbeb0-03b1-40ad-8ebe-9ccc6ab91419,18-25,24,71,Male,West,Non-Smoker,Weekly,22.66,106.8,False,False,169.2,77.0,2025-05-03
1c9f8c93-e744-44a5-ba92-b6a77cd811bf,46-60,55,66,Female,South,Smoker,Weekly,20.03,142.9,False,False,220.2,95.6,2025-03-01
0d2eb719-da0c-4bb1-a705-e5f515a285e7,60+,80,69,Male,North,Non-Smoker,Weekly,24.47,157.6,False,False,215.8,127.8,2025-08-31
09adc5f0-40d5-47e4-ab30-750da6ce747a,46-60,47,77,Female,North,Non-Smoker,Daily,29.37,155.0,False,False,172.8,99.4,2026-04-16
6564da8a-3598-41d0-9450-0bf779593103,60+,70,70,Female,West,Non-Smoker,Daily,22.03,149.9,False,False,195.6,131.4,2025-05-27
4b222913-fe13-4cbd-bd7f-d82b7ec8ba09,46-60,56,87,Female,East,Non-Smoker,Weekly,28.85,127.2,False,False,201.6,123.3,2026-05-17
1ec7eaa2-eb3e-4172-bdc1-bdbd8c31d3f6,18-25,21,50,Female,North,Non-Smoker,Daily,18.46,127.5,False,False,158.0,99.3,2025-10-06
caa92667-6905-4fd9-94bf-8e528dd84b4a,36-45,36,41,Female,East,Non-Smoker,Daily,18.05,120.9,False,False,124.5,103.9,2026-02-08
58e385d1-9e9a-4e14-ac22-5e234407d398,36-45,36,63,Male,North,Non-Smoker,Daily,22.22,122.9,False,False,156.4,103.5,2026-07-03
763b6162-29cc-42f4-a16b-7cd6f4d16d96,26-35,35,71,Female,East,Non-Smoker,Rarely,26.15,150.5,False,False,187.3,91.2,2025-10-20
bc61cb0f-f60b-47dc-b0c8-7dbbc4d2ac2d,60+,71,62,Female,North,Non-Smoker,Daily,22.88,145.7,False,True,237.2,105.3,2026-04-17
6b3b39b2-9917-4047-8f47-f6fb398805ee,60+,68,59,Male,West,Smoker,Daily,22.96,152.8,False,False,208.5,91.9,2026-09-27
e365e536-7e08-4061-b68c-5a5de983b696,60+,78,63,Female,South,Non-Smoker,Daily,21.43,162.2,False,False,231.5,99.2,2026-03-15
71e583db-54fc-482e-86fd-980c248351a7,60+,65,68,Male,North,Non-Smoker,Rarely,23.28,147.7,False,False,203.5,112.9,2026-04-27
df09bfa0-905e-4008-8716-3a8914021b51,26-35,29,46,Female,East,Former Smoker,Weekly,17.37,90.3,False,False,190.9,101.9,2025-10-04
4233512d-d0a9-429e-88f2-a92fd5ece86c,46-60,54,73,Female,East,Non-Smoker,Never,28.59,144.2,False,False,212.5,112.1,2026-08-09
554a081b-423c-412f-ac82-8afedbc8471b,60+,62,58,Female,East,Former Smoker,Daily,24.96,158.0,False,False,234.6,100.2,2025-08-30
87036812-3186-4e51-81b6-d828c2edf90b,46-60,57,67,Male,South,Smoker,Weekly,23.54,138.3,False,False,215.3,75.1,2026-04-30
3bdf8411-aacd-4db5-bfe2-7e4fdbfefee3,60+,78,66,Female,West,Non-Smoker,Daily,23.0,158.1,False,True,221.5,109.1,2026-02-01
cd48967f-9ff8-4864-854a-0482bfaa1835,60+,75,72,Male,East,Non-Smoker,Rarely,25.85,166.3,False,False,188.5,148.5,2025-04-26
2a80cf73-13fa-428c-b1fa-5e25aa52b625,26-35,29,48,Male,East,Non-Smoker,Daily,18.28,109.2,False,False,147.4,92.3,2026-01-01
7eee4bcd-f355-4a51-90b3-a646cd77fdcc,18-25,21,60,Male,West,Non-Smoker,Daily,19.96,136.9,False,False,184.2,89.4,2026-01-07
2254f053-8b24-4d72-aa12-449d2b53cdbb,46-60,55,52,Female,West,Non-Smoker,Rarely,18.2,129.2,False,False,160.8,113.7,2026-05-24
80c20350-a96f-4b81-bef5-47e263a4590a,36-45,36,52,Female,North,Non-Smoker,Weekly,21.21,128.5,False,False,183.6,93.4,2025-05-14
295d53d8-66ec-4912-9fee-33b9dcccb152,60+,71,63,Male,North,Former Smoker,Daily,25.59,148.0,False,False,250.6,106.8,2025-03-26
89d608d5-6f43-4127-b636-eb1cb06cebec,36-45,36,57,Female,North,Non-Smoker,Weekly,23.03,108.4,False,False,194.4,119.6,2025-03-23
bd70617b-ba5f-498d-82b5-eeebaa458026,46-60,49,55,Male,East,Non-Smoker,Weekly,18.54,134.5,False,False,208.7,94.6,2025-08-14
26112f24-ba98-420e-8cf2-b244bc36e699,60+,63,65,Female,West,Smoker,Rarely,29.55,190.0,False,False,224.5,137.5,2025-12-10
414606dd-c176-41e2-9bc5-e4001c4685cf,26-35,31,59,Male,North,Non-Smoker,Never,23.56,114.5,False,False,163.5,97.9,2025-12-21
d4405a4b-ef3e-4620-a65d-8067f9b3bfa9,26-35,26,54,Female,West,Former Smoker,Rarely,19.08,119.2,False,False,190.3,79.4,2025-10-02
2e303399-2ce6-4932-aa19-b18003ce6177,26-35,28,65,Male,North,Non-Smoker,Weekly,24.11,124.3,False,False,174.7,104.2,2025-02-13
2850129b-3a7f-47cd-a6f3-fbacee44b08e,36-45,43,79,Male,South,Non-Smoker,Never,26.89,143.2,False,False,171.8,77.7,2025-06-19
e4e73ab9-7912-4c35-b49a-77bba5416510,18-25,19,85,Female,South,Non-Smoker,Never,26.62,110.8,False,False,167.2,101.9,2026-04-24
38a0afdc-58c0-47e0-a391-0cf4b76ca44f,26-35,35,60,Female,South,Former Smoker,Weekly,19.59,114.1,False,False,162.3,99.5,2025-12-15
37805609-a7aa-4f1f-b51c-4b0e0dc97d51,46-60,60,71,Male,East,Former Smoker,Rarely,29.46,154.5,False,False,224.9,145.0,2025-06-02
8e8e1fd4-1b99-4cbd-a315-f7a7e2854c9e,26-35,35,80,Female,North,Non-Smoker,Rarely,23.3,107.2,False,False,180.8,105.6,2026-04-25
90c2e461-55a7-4eef-8c1f-24a21c3be535,36-45,44,56,Female,West,Former Smoker,Weekly,21.16,106.7,False,False,239.4,96.8,2025-09-14
fc26748f-d43c-4506-bc6b-d3eb6aeb8c60,26-35,27,65,Female,South,Non-Smoker,Never,26.05,123.3,False,False,157.0,115.7,2025-11-02
689655d0-6d57-4a7b-ab88-692314aec442,60+,61,68,Female,South,Smoker,Rarely,25.75,159.2,False,False,166.8,96.9,2025-02-01
a6517ab5-865f-499c-b021-f1147637d45c,46-60,60,80,Female,North,Non-Smoker,Weekly,26.31,150.2,False,False,210.7,118.0,2025-11-30
4b6966e6-00b1-4cf2-87da-f3438730d840,60+,77,80,Male,East,Former Smoker,Weekly,27.4,149.0,False,False,179.5,153.0,2025-08-13
26e3e015-746a-4e47-9c23-5a1b336ec997,46-60,46,73,Male,North,Smoker,Daily,22.69,141.0,False,False,191.0,105.4,2026-09-19
a8bbd967-3da6-44e4-bfac-d40b5333ff5e,26-35,29,64,Male,East,Smoker,Never,21.54,135.9,False,False,187.7,119.7,2025-12-04
90a3eaec-009c-4be8-9d92-f8c9b7b54b86,60+,65,114,Female,East,Former Smoker,Rarely,35.0,172.2,False,True,192.5,138.8,2026-08-14
2d3ac540-d610-49d7-bdcb-ba1aacee3b3a,18-25,22,46,Male,West,Former Smoker,Daily,17.05,113.4,False,False,147.9,80.6,2026-01-19
95c4c2b9-b727-445f-a5f6-e72cf106a687,18-25,19,72,Female,South,Former Smoker,Daily,25.57,125.3,False,False,194.8,89.1,2026-08-22
9e7f74fb-7540-4846-bd21-0e89b80c94ed,18-25,24,43,Female,West,Smoker,Rarely,18.56,100.2,False,False,207.3,101.5,2026-05-01
a5addcb9-b04b-4c8e-982e-34054df947a0,46-60,50,63,Male,North,Non-Smoker,Weekly,25.67,132.9,False,False,161.9,89.1,2025-04-28
5a1c5fe3-7809-47bf-b8ef-8c7485661ba1,18-25,21,65,Female,East,Non-Smoker,Never,25.23,133.8,False,False,179.3,99.0,2025-08-02
b7b242f9-f12f-4b71-86f2-6f12535d0960,26-35,29,68,Female,East,Smoker,Weekly,21.6,102.5,False,False,170.9,108.3,2025-10-22
bee59cec-03f3-4db8-8968-b369ba4a145f,60+,76,88,Female,East,Former Smoker,Daily,28.88,154.1,False,False,205.8,116.9,2025-07-13
34756aee-ffb3-46b0-9b3d-0cab9fddc202,60+,78,75,Female,North,Non-Smoker,Weekly,24.69,145.3,False,False,210.5,115.3,2026-04-09
a390d5af-344e-4341-9d32-dfb8a1209080,46-60,54,68,Female,South,Smoker,Weekly,30.05,146.7,False,True,201.6,124.6,2026-06-10
11f69627-24c1-4604-bc1c-26849a689873,18-25,19,55,Male,West,Non-Smoker,Rarely,20.34,108.4,False,False,187.3,86.6,2025-03-11
98b82614-8430-44bf-9a20-7b4e69563c6c,26-35,31,92,Female,North,Former Smoker,Never,30.01,125.4,False,False,188.5,92.3,2025-01-26
863695f3-b1b1-4333-8dd7-81d08c510bbc,36-45,39,70,Male,South,Non-Smoker,Rarely,26.37,122.6,False,False,194.1,88.6,2025-08-12
d0b8a32e-15dd-4941-94f1-9007574ef559,60+,62,78,Female,East,Non-Smoker,Weekly,26.53,144.6,False,False,154.3,117.9,2025-08-04
97eaed57-0e2d-4cec-885a-067d08ba25e8,60+,61,73,Female,North,Former Smoker,Daily,22.74,129.6,False,False,198.0,112.2,2025-04-05
b5e6d690-48db-4031-9beb-43889f220a02,18-25,25,68,Female,West,Non-Smoker,Weekly,23.94,123.2,False,False,133.4,110.4,2025-10-16
6c6b4e90-69f1-48fd-ae3c-eaf531d381ce,26-35,26,70,Male,South,Smoker,Weekly,24.81,141.5,False,False,154.6,98.8,2025-08-24
9bf3d4aa-2720-4ddb-be31-f005d807a447,60+,65,78,Female,North,Non-Smoker,Rarely,23.19,126.9,False,False,184.7,110.1,2026-01-31
46d168dc-229e-435e-89d3-741786d412ba,26-35,32,70,Female,West,Smoker,Rarely,22.56,114.9,False,False,174.7,95.0,2026-07-30
c005f44e-89ca-49db-b0ca-d4a6a4906a13,60+,64,48,Other,North,Non-Smoker,Daily,19.45,135.7,False,False,187.7,108.7,2025-06-26
eb3af913-e759-4d96-9391-da50487c1320,46-60,52,74,Male,South,Non-Smoker,Rarely,24.39,138.8,False,False,164.2,118.5,2025-09-05
ad4516d3-cb9c-40c8-9254-a8773c8ff074,60+,62,54,Male,West,Smoker,Daily,21.81,150.8,False,False,181.4,119.3,2025-12-05
7106a606-2eb0-4efd-86a9-996d1bf05b6b,36-45,39,79,Female,North,Non-Smoker,Weekly,26.09,127.0,False,False,188.1,104.6,2026-01-25
53455ca3-c20b-453d-8f7a-ddd32ad2e36f,36-45,40,58,Female,North,Former Smoker,Rarely,22.43,118.9,False,False,148.0,113.4,2026-08-04
f7d3f297-e65b-45d6-9e04-45ab8b218a3d,26-35,30,52,Male,North,Smoker,Daily,22.2,106.0,False,False,169.6,86.1,2025-10-11
b06b552c-5884-4e3a-a6ec-1193de700350,60+,70,63,Male,South,Non-Smoker,Weekly,22.28,144.4,False,False,183.2,117.4,2025-05-25
68c571ca-c1ad-4238-9801-26a939a99e13,36-45,44,73,Female,West,Former Smoker,Weekly,24.71,148.9,False,False,191.8,91.7,2025-04-30
ec425ac7-61bc-409c-b5c2-140e80ced6b4,26-35,31,69,Male,North,Former Smoker,Rarely,26.22,128.3,False,False,210.6,107.4,2025-02-08
b2d76059-e007-4222-a56c-876eddf22f6c,46-60,53,73,Male,South,Former Smoker,Weekly,25.91,147.3,False,False,183.4,123.2,2025-03-01
cc2770f5-5adb-49d7-928f-799e952d5cd7,26-35,32,78,Male,South,Non-Smoker,Never,29.48,153.7,False,False,172.8,107.7,2025-11-02
064cd1ae-3123-4edb-a3ec-bcedd2266aa8,18-25,23,74,Male,South,Smoker,Rarely,25.45,130.5,False,False,166.3,87.5,2026-01-25
c97113e9-e1a9-4ea7-8148-8a623299fd20,26-35,34,81,Female,North,Former Smoker,Weekly,30.44,136.8,False,False,198.7,113.9,2025-05-29
1f1ce6df-11dc-4d39-ad4c-627d73464ddb,26-35,28,58,Male,East,Smoker,Weekly,25.27,136.5,False,False,186.7,101.2,2026-01-19
eced1d4d-d5f5-4ecc-918c-435394faee89,46-60,59,65,Female,North,Former Smoker,Never,24.71,155.8,False,False,203.2,90.7,2026-08-09
85c54868-a1f0-409c-9d00-e027dd0b0ecb,36-45,39,54,Female,East,Non-Smoker,Weekly,18.55,118.4,False,False,191.0,94.4,2026-04-25
3b2e3308-3850-4764-afe6-a33a46096a17,26-35,30,53,Female,South,Non-Smoker,Daily,19.1,120.2,False,False,138.8,91.6,2025-05-12
ecb2f627-aa92-4403-80fc-4c99e10bfd45,26-35,26,62,Male,East,Non-Smoker,Daily,19.14,112.6,False,False,120.0,88.9,2025-01-24
57631e94-7f89-4a0d-956f-0c309c3c3609,36-45,38,58,Male,West,Non-Smoker,Weekly,26.41,126.2,False,False,204.5,111.5,2026-08-20
ee9d4c1f-08b5-43f0-8415-6bc78daf7ae1,60+,74,71,Female,South,Former Smoker,Weekly,24.53,149.7,False,True,194.7,110.8,2026-09-10
2a440090-c46f-4750-aa38-77db63d8e316,26-35,35,61,Female,West,Non-Smoker,Daily,24.27,130.9,False,False,170.9,95.8,2026-04-25
d235b4ac-a207-4c73-aed4-66937530867f,46-60,50,48,Female,West,Non-Smoker,Weekly,19.8,131.7,False,False,177.2,118.1,2026-01-21
2a614b50-9df7-4580-a1c2-764d7225d76a,46-60,57,77,Male,West,Former Smoker,Weekly,26.97,146.8,False,False,217.8,105.1,2025-08-24
b2a28401-8db2-4e47-b8ad-422f2a011274,60+,77,87,Male,East,Former Smoker,Weekly,31.21,156.0,False,False,240.6,161.6,2025-05-19
374e62d4-6d66-4d49-b7b8-181f3be79d5e,60+,74,50,Male,East,Smoker,Daily,20.42,144.0,False,False,227.1,92.3,2025-06-24
2934970b-3b86-42e2-865f-a7c184e7c74f,60+,61,80,Female,East,Non-Smoker,Rarely,25.66,130.9,False,False,158.0,114.3,2025-05-25
fe2bca3d-7a9b-4845-b07c-7a8850ff488b,26-35,27,72,Female,West,Non-Smoker,Rarely,23.56,128.5,False,False,201.5,97.6,2025-07-04
bc3b4ea1-a7b4-4213-963b-63948d440c46,60+,72,48,Female,North,Former Smoker,Daily,18.96,127.1,False,True,167.0,131.6,2025-03-03
d7b3dfed-2293-47e2-8e89-f3d0e6908e6b,36-45,37,70,Female,East,Non-Smoker,Rarely,26.8,136.7,False,False,191.2,101.0,2025-05-04
dfb233b3-d89f-4973-bd03-762319029ae5,36-45,41,59,Female,East,Former Smoker,Daily,21.44,132.7,False,False,148.3,92.1,2025-06-20
640b915e-915f-4e59-982d-11b9ca8086d2,60+,61,73,Male,South,Non-Smoker,Rarely,26.28,136.0,False,False,229.6,110.5,2026-09-05
d9d474b5-394f-4b2a-ab8c-66a17ca3334a,60+,77,59,Female,North,Former Smoker,Daily,23.47,152.1,False,False,231.1,128.2,2025-04-05
0768e960-c988-460a-a009-c8ae3a29d22e,26-35,34,59,Female,East,Smoker,Weekly,23.32,131.1,False,False,191.0,89.5,2026-06-26
3726f1c6-1e12-4ce6-837a-dd23603e3895,60+,65,58,Male,East,Non-Smoker,Weekly,24.21,130.4,False,False,209.8,99.3,2026-03-24
4f9c14df-3f17-4311-871a-27a538fc13b7,60+,66,61,Male,East,Non-Smoker,Daily,25.21,146.5,False,True,215.8,114.7,2026-06-10
da3c36bc-a0b0-45fc-9801-4319573bc957,18-25,24,53,Male,North,Former Smoker,Daily,18.24,107.9,False,False,199.4,82.9,2025-09-22
68140a4c-530f-4300-951c-4f8d7ebffe4d,18-25,23,46,Female,North,Non-Smoker,Weekly,18.91,116.5,False,False,158.5,108.6,2025-01-27
48042623-f8fd-4289-94a5-dd7ba7150e51,18-25,19,66,Female,North,Smoker,Rarely,22.3,101.0,False,False,186.3,88.1,2026-02-25
e77ff960-7b9f-4152-b9bf-0f31f4ab308e,26-35,27,72,Male,West,Non-Smoker,Weekly,28.4,127.6,False,False,191.4,98.2,2025-05-12
db0603fa-bf31-4b1c-9ae9-1f18d0f60e0c,18-25,19,50,Female,South,Former Smoker,Rarely,22.76,122.9,False,False,143.7,104.5,2026-04-25
8308358d-e602-4344-9cc7-5568231987c0,18-25,18,56,Male,West,Former Smoker,Weekly,18.25,98.9,False,False,167.3,81.1,2025-01-16
71c4c4f3-7be9-4aa7-b1ae-5ac7c42ad40e,46-60,49,76,Female,West,Smoker,Daily,23.85,157.6,False,True,207.5,75.5,2025-10-19
7948bd70-706c-4907-b3ac-4e9936e81a91,60+,63,87,Male,North,Non-Smoker,Never,29.04,153.0,False,True,201.2,110.2,2025-10-08
b5289fbc-0d76-4460-bf36-6d170de74828,36-45,38,68,Female,East,Smoker,Daily,23.52,120.8,False,False,233.3,114.7,2026-08-27
25533057-4130-4379-9592-c24e34234119,18-25,18,49,Male,East,Non-Smoker,Rarely,17.05,104.9,False,False,122.6,80.8,2026-07-28
2568166f-1982-4dca-ac13-7169b6747df4,36-45,44,56,Male,North,Non-Smoker,Weekly,24.67,123.9,False,False,186.6,89.9,2026-02-05
b74b1ddb-5681-4544-8d12-d22a86f462e5,60+,67,70,Male,South,Non-Smoker,Daily,22.62,138.6,False,False,189.4,112.0,2026-08-05
c75394fc-258d-4d92-aa33-dd01e376db01,46-60,47,76,Female,West,Non-Smoker,Daily,26.04,119.9,False,False,186.3,94.9,2025-04-25
1e9a3738-b635-4ae7-98cb-d3356c033c89,46-60,51,40,Male,East,Smoker,Daily,17.09,135.4,False,False,224.6,100.2,2025-06-18
82f73ca1-acd3-477f-8da2-8feeb1c8a824,36-45,39,83,Male,South,Non-Smoker,Never,27.67,156.6,False,False,215.3,121.1,2026-04-17
339594d6-f3b5-451b-92fa-706b5b74b8fd,60+,78,62,Female,North,Non-Smoker,Rarely,26.08,166.8,False,False,196.7,123.2,2025-12-29
e0c22f4f-d6f8-4f26-a1dc-a65c1bb53836,60+,80,47,Female,East,Former Smoker,Weekly,21.49,147.6,False,True,227.9,125.8,2025-11-19
26704017-aea4-4b18-8a61-63a94dfa8056,46-60,48,78,Male,East,Smoker,Rarely,30.09,136.7,False,False,198.8,115.3,2025-04-12
8a9040c5-769e-4e01-9808-8f4b431616f5,46-60,50,74,Female,South,Non-Smoker,Daily,27.88,135.4,False,False,168.8,91.0,2026-08-20
bc9a1fc4-a8c7-4da4-9f6b-69c664449466,26-35,34,85,Male,East,Smoker,Rarely,28.07,120.0,False,False,177.7,127.0,2026-01-14
85384432-6074-43ce-bf0f-01b13aa6944e,46-60,57,69,Female,East,Smoker,Weekly,23.26,138.8,False,False,138.0,129.4,2025-03-08
aa9850cd-a4a2-4928-9795-c38a6bce89b9,46-60,53,81,Male,East,Former Smoker,Never,26.13,151.6,False,False,204.8,101.3,2025-11-11
7f5a8ead-407c-4d7f-825d-b0380a8f5b43,26-35,30,72,Male,South,Non-Smoker,Weekly,24.89,133.6,False,False,177.6,89.4,2025-05-27
17812429-93c9-4db7-9d7f-9b69997d74dd,18-25,19,65,Male,North,Smoker,Rarely,22.51,109.8,False,False,164.3,87.6,2025-08-28
2fcda7c3-daa3-4781-b8cf-5c1843266070,36-45,38,92,Male,East,Smoker,Never,28.83,132.4,False,False,159.5,149.0,2025-11-21
fcfc7628-212e-40ca-a055-8d1b066261ea,26-35,32,78,Male,South,Non-Smoker,Never,28.52,136.2,False,False,242.8,94.0,2026-03-16
3fa0d8bb-e995-41af-8ba8-e165ffc7058e,46-60,49,57,Female,South,Smoker,Weekly,25.28,131.3,False,False,179.6,97.6,2026-09-21
b397306b-a9a8-4df4-9454-9ddb9e0546d4,46-60,58,70,Male,North,Non-Smoker,Daily,26.79,135.7,False,True,202.6,97.1,2025-03-05
f348104e-93b9-411f-9bd9-f1de90f57f55,60+,67,65,Female,South,Non-Smoker,Weekly,22.56,148.1,False,False,175.5,94.1,2026-08-24
59c13f0e-d398-460a-b8a6-5d6457124438,18-25,22,78,Female,South,Former Smoker,Rarely,28.7,126.1,False,False,174.3,102.0,2025-10-17
ddc5ba93-b510-4ab8-b3b4-f3b0847a9751,60+,69,73,Female,East,Smoker,Daily,25.41,151.2,False,False,170.5,91.6,2026-05-27
77c7c59e-e517-43ed-870c-8d7aed4ac0f1,46-60,57,73,Female,North,Non-Smoker,Daily,21.75,125.7,False,False,149.0,127.9,2026-03-26
de0ea3b4-985d-4e35-a179-aef6d35c5cad,18-25,20,73,Male,East,Non-Smoker,Daily,22.3,111.4,False,False,188.3,75.2,2025-07-19
1810a095-4f25-4476-9670-71e827162d73,46-60,58,73,Male,South,Former Smoker,Never,26.87,164.2,False,True,208.2,100.7,2025-04-14
55b40a89-7abf-42b9-9aa0-921f428139c7,18-25,22,72,Male,East,Non-Smoker,Never,26.36,119.2,False,False,178.2,123.6,2026-03-20
3b3d79f4-6ad1-4f37-8024-052975965033,18-25,21,60,Male,West,Non-Smoker,Weekly,19.57,109.3,False,False,167.3,98.3,2025-12-12
7e008632-5e0a-479d-b4aa-40650729efcb,60+,76,87,Female,South,Non-Smoker,Rarely,29.97,171.4,False,True,237.5,141.1,2025-07-22
aeb01f19-2fa9-4c1a-854e-7ab323a350a9,60+,62,89,Female,East,Non-Smoker,Never,32.84,167.9,False,True,221.8,119.9,2026-01-10
bfce65e1-7a9d-436a-92e0-2155abf52473,36-45,39,66,Female,South,Smoker,Rarely,24.8,139.5,False,False,200.1,118.9,2025-12-26
42899771-e82e-4ce1-8b10-b87926deeef0,18-25,25,81,Female,North,Former Smoker,Rarely,24.73,123.9,False,False,184.4,95.5,2026-03-10
d4d91d29-7ed6-4023-a9a6-4479c6d81285,60+,64,71,Female,North,Former Smoker,Rarely,27.64,156.3,False,False,199.7,106.9,2025-03-25
d67130e5-081d-45e7-b528-1c44bf4d9453,60+,67,52,Male,West,Non-Smoker,Weekly,23.07,152.5,False,False,214.1,125.4,2025-05-21
cd1bc6f0-e6cf-4505-bb05-7e966859afa2,60+,79,68,Female,South,Non-Smoker,Daily,25.32,166.7,False,False,226.0,116.1,2026-05-18
8e837a75-5e1c-4b22-91c7-3f7b609c352e,18-25,22,57,Male,East,Former Smoker,Never,17.5,101.1,False,False,185.3,91.5,2025-10-27
ecd9d5bc-9ddf-4ee6-a825-3b6d32eaa7c1,46-60,58,66,Female,South,Non-Smoker,Weekly,24.65,126.6,False,False,178.1,94.0,2025-04-10
a53bb285-6d9c-4946-9f46-fac46cc0ff84,60+,80,75,Female,North,Former Smoker,Rarely,27.33,153.6,False,True,262.0,110.7,2026-08-22
bcf79604-cd31-4332-8e22-b376170c56af,60+,65,62,Male,South,Non-Smoker,Rarely,23.07,149.6,False,False,192.1,111.6,2025-06-15
49e8942f-8031-49f1-bdaf-6d15454f56e5,60+,70,77,Male,North,Non-Smoker,Weekly,23.53,140.9,False,True,174.0,110.4,2025-07-15
0788bcf5-ed45-41d0-bc6a-3023117b3b56,36-45,44,65,Female,South,Non-Smoker,Weekly,24.34,150.9,False,False,136.2,111.7,2025-09-04
42d32545-78a1-452e-9a22-a9dd64eeb0b5,46-60,58,87,Male,South,Former Smoker,Weekly,29.39,153.2,False,False,222.0,109.8,2025-02-12
35650f50-37ab-4b95-8f52-fcc57e9af8dd,26-35,26,46,Male,South,Non-Smoker,Weekly,22.11,118.5,False,False,170.7,83.8,2025-01-17
f1ffc7fc-1723-449a-b878-89ba3f5ab6c4,46-60,49,81,Female,South,Former Smoker,Weekly,27.24,131.5,False,False,210.9,95.7,2025-11-10
2f0a6703-7eeb-4578-bf45-5d25ee4725f9,26-35,30,59,Female,East,Smoker,Daily,19.74,106.2,False,False,151.7,94.6,2025-03-29
28264f28-c577-4f89-8636-029d66e4111a,26-35,31,82,Male,North,Non-Smoker,Weekly,30.35,135.1,False,False,159.8,118.5,2026-04-14
27f36651-876d-47a4-b259-6858b392afdd,46-60,55,61,Female,North,Smoker,Weekly,24.47,142.5,False,False,172.8,136.3,2025-04-08
7edecbcb-e1a3-496e-b872-6543436f6e9c,60+,76,78,Female,South,Non-Smoker,Weekly,30.78,175.8,False,True,243.1,141.6,2026-07-11
dfa1f0d4-407c-4d7c-b09a-e4dc4941713a,60+,68,73,Female,East,Non-Smoker,Rarely,24.55,150.9,False,False,200.3,127.6,2025-01-26
97633c2b-00a1-4ee1-bbc1-be42ff8557c2,46-60,56,79,Female,North,Non-Smoker,Rarely,26.8,145.3,False,False,218.3,109.0,2025-01-14
b029aeb8-079c-4201-a91a-8ecde69f4b6a,60+,76,113,Male,West,Non-Smoker,Never,32.13,166.4,False,True,229.3,138.4,2025-12-04
f57212fa-7862-4e6a-afef-b79190216497,60+,79,85,Male,East,Former Smoker,Never,33.23,147.1,False,True,251.5,148.7,2026-07-27
4f452aef-af2c-4ed1-9888-da1d3841925e,60+,68,67,Male,South,Smoker,Weekly,25.09,180.0,False,False,210.4,113.1,2026-06-16
ae6c127a-efb3-4da6-a01f-3a7368a76cf0,46-60,47,84,Female,South,Smoker,Never,28.9,154.6,False,False,219.9,113.4,2026-07-28
ba7caf3f-1bb3-40ef-8fd1-5f0c48a13e18,18-25,24,67,Male,South,Former Smoker,Rarely,22.47,127.3,False,False,220.5,107.7,2025-08-31
aba3dfa7-b81f-48a9-baf4-887c18e07b6f,46-60,59,68,Female,North,Non-Smoker,Rarely,23.68,130.0,False,False,176.2,100.8,2026-07-09
aba882b8-4f3b-4fe7-b6c7-beaf88042f5e,60+,66,47,Female,East,Non-Smoker,Weekly,20.46,132.2,False,False,222.9,131.5,2026-03-31
1237d120-d9af-4a59-83ac-7120012a0a36,60+,67,76,Female,West,Former Smoker,Daily,23.94,164.1,False,False,215.8,99.0,2025-03-09
e62e3449-0571-44cb-b222-58fa67f5a783,60+,73,52,Male,North,Smoker,Never,17.24,149.9,False,False,191.7,114.7,2025-11-23
cddf1ada-ba07-41b6-ab69-472f65eb61cc,60+,67,43,Male,East,Former Smoker,Weekly,18.61,132.2,False,False,232.6,97.6,2026-01-06
35dad1a8-a56e-4dab-9c1a-815566467b46,36-45,42,43,Female,East,Non-Smoker,Weekly,17.23,120.9,False,False,170.7,94.2,2025-06-29
05d04aad-d88a-4379-a48c-541252ea4a82,36-45,39,63,Female,East,Non-Smoker,Daily,22.56,127.6,False,False,153.5,120.7,2026-08-22
a3fdb66f-36ff-4f65-a4be-aec8a4b3f575,18-25,22,60,Other,West,Former Smoker,Daily,21.96,109.7,False,False,194.3,96.7,2025-06-22
87484562-f88b-4a4c-b716-c931119fe074,46-60,58,66,Female,West,Non-Smoker,Rarely,20.73,139.3,False,False,201.8,113.1,2025-05-27
12434245-e0be-4fe5-85d4-37eabebdf003,18-25,18,65,Female,South,Smoker,Weekly,27.95,123.3,False,False,190.8,86.4,2025-05-12
7ad3f199-776b-4646-a593-73a642be74f8,46-60,57,62,Female,North,Former Smoker,Weekly,25.06,129.5,False,False,174.7,95.4,2025-01-12
d9aef179-2ad7-466e-abcd-b9b102d20002,60+,76,67,Female,West,Former Smoker,Daily,24.88,143.0,False,False,170.3,124.4,2026-09-24
5f5f9ac6-d233-4b9a-beba-75f32fc354da,26-35,27,82,Female,West,Non-Smoker,Daily,27.69,124.8,False,False,231.4,109.7,2025-08-11
7027e9d4-32f4-4dc2-9364-44c1f38074c6,18-25,23,60,Female,North,Former Smoker,Weekly,23.05,113.9,False,False,164.1,107.3,2025-12-17
014f58a6-9188-41c5-936d-f81b5bdd3b31,26-35,29,64,Male,South,Non-Smoker,Daily,23.95,140.3,False,False,155.6,97.1,2025-10-21
ff46ace0-cc5d-4f46-8e9e-b613a04de36b,26-35,26,70,Female,East,Smoker,Never,25.74,123.5,False,False,193.5,111.1,2026-01-06
de8bcb63-5779-49a6-af98-3eb2be5b418b,26-35,34,56,Male,North,Former Smoker,Rarely,23.3,135.4,False,False,195.5,116.9,2026-01-09
6a87a819-264f-4fad-b1b2-1419c9a2bb77,46-60,49,59,Male,West,Non-Smoker,Never,27.7,153.4,False,False,157.1,134.6,2026-03-26
c1edbb58-ecaa-4405-b581-ae563a577622,60+,76,111,Female,South,Non-Smoker,Never,35.19,172.9,False,False,195.9,152.8,2026-09-19
fb684aae-28a1-44ff-9f51-61afb2b48406,60+,65,93,Female,North,Smoker,Rarely,30.07,150.8,False,True,242.0,120.3,2026-05-24
250db49a-ed5d-4183-b0b3-06195ad80b16,18-25,21,84,Male,East,Non-Smoker,Rarely,25.62,111.4,False,False,174.1,89.2,2025-03-09
959d1477-8319-4c95-90ab-d65ec711c32d,26-35,33,58,Male,North,Non-Smoker,Daily,23.09,113.6,False,False,167.3,80.0,2026-02-08
a619b873-2406-47c0-9b86-048efcf8c9de,18-25,20,67,Male,East,Non-Smoker,Rarely,21.62,116.6,False,False,154.7,116.9,2026-04-23
af4d88bf-792b-46df-87af-1de877617a20,36-45,42,78,Male,South,Smoker,Weekly,24.73,119.7,False,False,196.4,96.7,2025-12-30
f04e126e-ff7e-4cb6-8ee3-6799c22fae66,46-60,56,64,Female,East,Non-Smoker,Weekly,23.98,123.5,False,False,184.3,103.0,2025-04-15
7d52fa1a-ee73-4058-b81c-822e8eb975b3,60+,76,83,Female,West,Smoker,Rarely,29.04,167.5,False,True,244.8,121.6,2025-01-12
89b7064f-8892-4ede-8dfb-cb446e78fbe7,60+,70,59,Male,South,Non-Smoker,Weekly,22.66,147.5,False,False,196.2,122.4,2025-03-08
e81b20d5-5e88-4f7c-9379-067308f6ab2a,46-60,57,56,Male,East,Non-Smoker,Rarely,21.38,117.6,False,True,189.8,103.1,2026-08-15
8626c032-c7f1-4e75-bb3e-748fb9e0013d,46-60,48,63,Male,South,Smoker,Rarely,23.31,130.1,False,False,195.6,110.4,2026-09-06
f2790035-631e-44f1-92b7-a5d54a838116,26-35,27,64,Male,North,Non-Smoker,Rarely,22.36,110.6,False,False,188.4,101.1,2026-01-12
3b043777-a282-4ba8-9aa9-6f145d658092,18-25,19,79,Female,South,Smoker,Weekly,26.09,133.2,False,False,172.8,112.5,2025-08-14
d37dcc6d-a507-4771-8827-0c901d4f6cf9,26-35,31,81,Male,North,Non-Smoker,Weekly,27.78,132.3,False,False,145.1,93.1,2025-02-18
bab87637-72a2-4b5c-a4bb-a68748b34e92,46-60,49,77,Male,North,Non-Smoker,Weekly,24.88,133.7,False,False,169.4,109.7,2026-06-30
f7745dbf-0130-41cf-8374-0275dadccbae,60+,62,60,Female,East,Former Smoker,Rarely,21.44,140.0,False,False,196.1,122.0,2025-01-05
4f22b5c2-ae26-4cd4-bc33-01be44eed2d5,46-60,49,64,Female,West,Smoker,Never,20.89,135.6,False,False,190.3,84.9,2026-09-27
39b98518-145c-4564-b690-f4b369f3a005,26-35,29,54,Male,East,Former Smoker,Weekly,21.38,118.4,False,False,215.2,110.5,2025-12-08
8440b6e7-d94c-4be6-86fa-7719dcdf5c3b,18-25,23,56,Female,West,Smoker,Rarely,20.14,129.1,False,False,186.4,70.2,2025-01-12
3a0ea622-e02b-4f23-8874-05ce6e6ff824,26-35,34,90,Female,East,Non-Smoker,Rarely,33.41,144.5,False,False,206.7,130.8,2025-08-26
2d3c6287-b625-4cc5-aed5-5a76a981c686,36-45,45,56,Female,West,Non-Smoker,Daily,21.22,129.1,False,False,165.2,96.2,2026-08-22
53882cd7-ccc1-4f1b-8d54-bc0731572282,46-60,48,66,Male,West,Non-Smoker,Weekly,25.88,144.4,False,False,197.1,128.3,2025-10-31
34bf0ab5-6e12-4bc2-846b-2e52a9a805f9,36-45,36,61,Male,North,Non-Smoker,Rarely,23.48,120.5,False,False,190.4,94.1,2025-03-11
81601fd8-421a-4d0f-a483-0ca2940ebac8,36-45,43,94,Male,West,Non-Smoker,Rarely,30.17,132.5,False,False,147.2,149.9,2025-11-14
b849fd97-429b-4250-a71f-48196a688c0f,60+,80,72,Female,North,Non-Smoker,Weekly,27.05,157.3,False,True,224.2,100.8,2025-01-16
b4fbc114-b294-475f-8426-f860e546042f,60+,73,70,Female,East,Non-Smoker,Weekly,25.27,147.2,False,False,188.1,128.0,2025-01-22
bfd5e48a-975c-4a67-8f14-8046905b0981,46-60,59,55,Female,North,Smoker,Daily,20.91,152.7,False,False,186.2,86.2,2025-01-25
2e35644e-c71b-4943-aff1-2efd081d62d6,36-45,36,43,Female,West,Non-Smoker,Weekly,17.95,114.6,False,False,135.4,89.8,2025-09-24
64679aac-8560-4cb7-b561-3a1d577a9139,18-25,22,66,Female,South,Non-Smoker,Rarely,21.6,119.1,False,False,149.2,108.9,2026-07-17
10c3e96a-0c41-4899-9708-ce3203dbdf8a,26-35,30,53,Female,East,Former Smoker,Weekly,25.14,132.8,False,False,155.5,111.6,2026-08-01
fa13f7b3-84ad-4619-b360-751db849726d,60+,77,65,Male,East,Smoker,Never,25.02,177.6,False,False,194.3,98.1,2026-08-29
bf0dd929-ac65-4fe4-8dc1-141b16a97f68,60+,76,78,Male,North,Non-Smoker,Never,23.23,148.2,False,False,231.4,111.7,2025-11-28
d58b1fb1-e7ba-4e10-9e01-ed48529d2855,46-60,47,66,Female,North,Non-Smoker,Weekly,27.2,148.5,False,False,204.6,90.6,2025-10-19
ab2d64bf-5c37-4521-8c15-5bf99caf5567,60+,75,75,Male,West,Non-Smoker,Daily,30.25,156.2,False,False,214.2,107.9,2025-05-08
a3090927-51e9-4bb3-b430-91b42076eaac,60+,72,67,Male,North,Non-Smoker,Weekly,23.28,138.6,False,False,210.0,107.2,2026-06-13
5fc50b2c-f134-48ec-96b0-0baaa9737838,60+,80,87,Male,West,Smoker,Rarely,27.96,163.8,False,False,204.8,108.2,2025-11-23
9e828858-c8de-42c5-9e0d-619e94210d2d,26-35,29,50,Male,East,Smoker,Weekly,22.55,135.3,False,False,180.2,127.2,2025-11-15
8902da45-159c-42b4-b54c-c6e5cbbdb448,46-60,57,68,Male,East,Smoker,Never,25.28,157.1,False,False,234.2,92.9,2025-11-21
64423823-18c3-4165-8c37-459299cef06d,46-60,56,59,Male,West,Non-Smoker,Daily,23.71,131.9,False,False,180.1,110.6,2025-03-04
da50b22d-c42e-4ef5-9236-3a90650b193c,26-35,34,70,Male,North,Former Smoker,Weekly,24.99,129.5,False,False,194.2,100.7,2026-09-20
350f42b1-99c2-4dc8-b8ba-16738543e4a5,26-35,30,54,Female,West,Non-Smoker,Never,18.67,123.3,False,False,175.0,99.1,2026-09-08
680366cc-6d12-43ed-b98d-a0ff2495a3d0,36-45,45,87,Male,North,Non-Smoker,Weekly,28.35,147.5,False,False,206.1,110.0,2025-01-02
2d1e0895-5e16-4e3e-817c-6643c6824b5e,26-35,35,40,Male,North,Non-Smoker,Rarely,18.08,115.1,False,False,176.5,114.3,2026-05-26
2f9daa57-9bcd-4095-ac89-426a06eb0d2f,18-25,22,41,Female,East,Non-Smoker,Never,16.19,99.3,False,False,130.5,91.7,2025-11-21
b517f917-1df5-4d6a-a198-8b9bde5118f0,18-25,24,84,Female,North,Non-Smoker,Weekly,23.77,138.6,False,False,120.0,92.4,2025-09-30
100c0e12-89a2-432e-9c93-40b0fce28aa1,60+,79,54,Female,East,Former Smoker,Rarely,22.62,142.4,False,False,205.7,118.2,2025-11-10
f2a17130-e4ef-4f6a-83c8-bccf39ff3c08,26-35,29,61,Male,East,Non-Smoker,Weekly,23.46,112.1,False,False,169.2,93.9,2026-07-18
c66f79e8-624d-430b-98f8-6b2920a1be8c,60+,67,41,Male,North,Non-Smoker,Never,18.39,141.3,False,False,216.9,95.0,2026-08-15
6ccf082a-6577-4ae1-904f-0d7df580d810,46-60,60,56,Male,South,Non-Smoker,Weekly,20.62,144.9,False,False,196.3,105.8,2026-02-13
666a7946-00ee-4564-878a-9afcf0b665a5,60+,77,86,Female,North,Non-Smoker,Daily,26.24,155.8,False,False,192.2,132.6,2026-05-14
bb942cb6-ec55-4b78-b655-539e1367ff6b,46-60,58,64,Male,West,Smoker,Weekly,21.33,140.0,False,False,187.8,72.5,2026-05-09
8e647c57-03fd-41e3-ba5b-5a4c5a90cedf,26-35,35,72,Female,East,Former Smoker,Daily,24.73,110.0,False,False,163.4,115.0,2025-09-13
e5291057-70b1-49f4-906a-8381766bdeb1,60+,75,78,Female,West,Non-Smoker,Daily,24.62,159.7,False,False,196.0,109.1,2025-10-12
76c515bd-2f89-490f-84c7-c6659ecd16ce,46-60,60,66,Female,North,Smoker,Daily,22.45,140.6,False,False,180.2,97.3,2025-04-26
5facfaed-e880-4e44-926b-b4b39ed4f24d,60+,79,60,Male,North,Smoker,Rarely,21.92,158.6,False,False,216.4,143.2,2025-12-04
14168b85-aff6-4423-b527-d9539416ba97,60+,62,81,Male,East,Non-Smoker,Rarely,28.34,157.6,False,False,181.7,116.3,2025-06-18
161f33c3-38b3-443d-9716-a2ee839c50ef,60+,63,74,Female,West,Smoker,Weekly,27.08,153.7,False,False,227.6,93.9,2025-03-04
914d77b3-650c-4389-97fe-0d90d805e9b0,18-25,18,75,Male,South,Former Smoker,Daily,25.18,125.2,False,False,157.4,76.6,2026-05-09
e4bf00e1-2d6a-4a2f-9502-8a1279d33698,26-35,33,67,Female,West,Non-Smoker,Daily,28.68,146.5,False,False,175.4,97.2,2026-03-20
488f89c1-e23d-4ddb-b737-90b21dc19d86,46-60,60,83,Male,East,Non-Smoker,Weekly,23.22,126.3,False,False,151.3,107.6,2025-07-12
7625c0e5-2e2b-4394-8726-452a538de504,26-35,32,65,Male,West,Non-Smoker,Daily,22.71,126.2,False,False,191.9,108.3,2025-05-24
cd805342-38c3-4a70-b79b-d99564824843,46-60,59,62,Male,West,Smoker,Rarely,23.07,153.7,False,False,216.7,110.5,2025-09-21
5b8c8f70-73df-4e58-9b78-53b3078e2835,60+,61,40,Male,North,Smoker,Weekly,16.16,121.7,False,False,239.3,104.1,2025-11-08
9856b04f-f0c5-4763-aa47-6e2f7285ebcb,18-25,23,50,Male,South,Smoker,Rarely,19.32,124.1,False,False,213.0,103.5,2026-08-17
2e2b1282-6aa5-4c58-a5ad-fa99cce076c6,46-60,58,71,Female,West,Former Smoker,Never,25.22,147.1,False,False,191.4,126.2,2025-04-20
bd885cd2-d1f4-4c8d-bf2f-64675be590e6,18-25,25,74,Female,East,Former Smoker,Rarely,23.4,143.2,False,False,189.6,86.5,2025-11-03
c4592dc9-133a-4fd3-894a-e6468fc309ef,36-45,39,77,Other,East,Non-Smoker,Weekly,26.19,124.8,False,False,193.7,91.9,2025-12-10
ee6fa97a-3200-41ef-9961-2928ae879235,60+,78,84,Other,South,Smoker,Never,29.41,158.3,False,False,259.9,114.8,2026-02-01
adfdbda8-cb99-4261-9341-9c6fc28c88ae,18-25,19,75,Female,East,Former Smoker,Weekly,24.85,134.9,False,False,200.3,87.6,2026-01-11
45fd5b4d-aef3-41ce-ab57-8d4a218b050d,60+,80,60,Female,East,Non-Smoker,Rarely,23.29,129.6,False,True,214.6,118.8,2025-09-10
0e33c150-170e-4be5-9eda-a1307a44f4ef,18-25,18,52,Male,West,Smoker,Daily,22.96,140.7,False,False,233.0,78.7,2026-07-21
42ba1f55-5cb7-45fb-b297-58a1ba9a87ed,18-25,24,66,Male,North,Former Smoker,Rarely,24.82,115.5,False,False,151.2,116.2,2025-10-15
00c3bdeb-2402-4864-a43f-b753c555a6e2,18-25,25,70,Male,South,Smoker,Daily,26.11,115.5,False,False,214.6,102.6,2025-12-12
9212676a-0b14-44f4-bdce-a42da7966fe1,46-60,58,82,Male,North,Non-Smoker,Weekly,26.83,162.2,False,False,222.0,122.2,2026-07-09
44cb421b-b92e-4fb5-8aba-8af828da9c27,26-35,26,47,Male,South,Non-Smoker,Weekly,16.93,105.4,False,True,173.2,81.5,2025-03-08
4e91b77b-efc9-495d-ac8c-b6b26aa227b2,18-25,24,88,Other,South,Non-Smoker,Weekly,23.86,120.2,False,False,142.4,94.0,2025-07-15
3de4905f-3c0a-43db-a4e9-ff8035ed8fb7,60+,70,87,Female,West,Former Smoker,Never,30.63,148.1,False,False,250.2,143.2,2026-06-22
0230d0fc-6cd5-45a0-92d8-6db946c0eb68,18-25,24,61,Female,North,Non-Smoker,Weekly,21.56,121.9,False,False,137.0,84.6,2025-04-06
3fb811f5-4b99-4995-94df-393183ff831e,18-25,25,84,Female,West,Smoker,Never,28.71,128.9,False,False,207.7,79.1,2025-11-25
c800172f-46a9-4b68-a5bf-81e5d9286ffb,46-60,54,65,Male,West,Former Smoker,Weekly,27.41,138.7,False,False,205.3,105.8,2025-06-24
5c7408b6-5b5b-4158-bb4a-83ee405cd381,46-60,53,50,Female,West,Non-Smoker,Weekly,18.87,133.0,False,False,188.2,101.6,2026-03-22
aa36b54b-4840-445e-8c28-3cd1dc4532db,46-60,53,61,Male,West,Former Smoker,Daily,24.28,134.4,False,False,212.5,100.8,2025-08-17
8f5c391d-eb28-4ade-9791-f33ff57606ac,26-35,32,55,Female,West,Former Smoker,Weekly,23.37,141.3,False,False,126.0,100.6,2026-01-07
f31174eb-12df-46fd-bd02-16bc10106de8,36-45,39,90,Female,North,Non-Smoker,Weekly,28.83,128.8,False,False,181.3,119.3,2025-05-22
756663a7-e588-49d0-9385-43817e367e5b,46-60,55,52,Male,East,Smoker,Daily,21.34,159.0,False,False,218.9,120.3,2025-09-16
80e41009-6afc-4ce4-ab4e-8f8172464df6,46-60,51,94,Male,West,Non-Smoker,Weekly,27.8,134.1,False,False,180.4,118.7,2025-06-08
e9ba423a-5110-4ee1-97bc-cc844643d851,46-60,51,52,Female,West,Former Smoker,Weekly,19.12,129.3,False,False,193.6,96.6,2026-04-04
ef505ccc-2372-47fd-a3e6-361c84f74399,26-35,27,62,Female,South,Non-Smoker,Daily,24.97,115.6,False,False,155.5,88.8,2026-03-01
13407175-a0b0-4769-8e2e-e210306ce5d7,60+,75,80,Male,West,Former Smoker,Weekly,27.38,151.0,False,False,191.4,118.0,2025-04-10
1738731b-2297-41a6-a4da-18db5f24562d,26-35,35,85,Female,South,Non-Smoker,Daily,26.19,127.8,False,False,217.7,101.3,2025-11-29
af62fe54-20bc-4e72-808e-ddf6fe1ecc8c,60+,65,90,Female,West,Non-Smoker,Never,26.47,151.1,True,False,208.9,99.1,2025-12-10
f9a29b9b-179f-49f7-962f-ebfe54a976b8,60+,67,60,Male,West,Smoker,Weekly,24.47,133.8,False,False,224.0,89.7,2025-06-04
d456d418-112d-4ed6-9d14-c4acdbd3cd9f,60+,79,95,Male,West,Non-Smoker,Never,30.38,176.3,False,False,230.6,97.3,2026-02-13
bc4e62b7-d2b0-46af-bbde-e15d1ba20d86,26-35,35,65,Male,South,Smoker,Daily,22.66,130.6,False,False,155.7,114.0,2026-02-05
b1552927-a85e-4830-9325-799e48377a9b,46-60,46,79,Male,South,Smoker,Rarely,33.81,158.3,False,False,241.6,120.1,2026-05-18
318948f2-da4b-4d8a-a6ed-b5e44a78433e,26-35,34,61,Male,South,Non-Smoker,Weekly,24.18,129.3,False,False,169.4,93.0,2025-04-13
ccdd7378-fa19-41a8-8e23-2befcaea2b15,46-60,51,50,Female,North,Non-Smoker,Weekly,16.43,133.5,False,False,200.0,128.2,2025-02-06
62114250-5a4a-4906-8724-cef42da56ecc,18-25,25,64,Male,North,Smoker,Daily,25.31,148.8,False,False,179.3,101.6,2025-03-29
1c237b61-e77c-471c-9310-fccaf089095b,46-60,50,56,Female,South,Non-Smoker,Rarely,21.88,123.4,False,False,186.8,101.3,2025-08-07
04d89888-c606-48e1-9aa3-ca8a81987b18,36-45,45,75,Female,East,Former Smoker,Weekly,22.65,117.3,False,False,187.0,82.0,2025-08-31
a8e13a1b-b277-4aaf-b072-d2cf9be769f2,46-60,54,81,Male,North,Smoker,Weekly,28.65,149.5,False,False,222.8,95.7,2025-08-18
4869c4b2-1381-45bc-be04-3ba62ef8fec2,18-25,20,69,Female,East,Non-Smoker,Rarely,22.87,101.8,False,False,164.1,84.6,2026-02-22
43a80ee7-992f-49d5-baf1-acfc8a1b2c6c,60+,61,98,Male,South,Non-Smoker,Weekly,27.57,152.0,False,False,192.1,105.0,2025-08-25
d187a60b-16f8-4033-bc81-467df852a777,60+,71,58,Female,South,Smoker,Weekly,21.01,153.5,False,True,185.0,111.4,2025-10-03
c85363d6-9434-4953-a7c5-0c886a31bef4,36-45,42,67,Female,East,Smoker,Weekly,23.6,137.4,False,False,210.1,91.2,2025-08-29
69d41cea-cbee-432b-a8b7-ccb461b0e796,26-35,32,70,Male,East,Non-Smoker,Weekly,20.71,113.6,False,False,169.6,84.9,2025-02-26
d698831e-f45e-45be-a59c-9453042f0870,18-25,18,72,Female,East,Non-Smoker,Rarely,23.77,124.4,False,False,190.3,87.0,2026-01-02
4defe57c-74d2-495d-b727-7eb1ab786499,36-45,45,73,Male,North,Former Smoker,Weekly,24.94,130.5,False,False,214.0,129.2,2026-02-22
35a09f68-2275-4984-b51c-f42a695f2717,18-25,24,65,Male,North,Former Smoker,Daily,25.24,112.7,False,False,151.4,121.4,2026-08-16
3d1eaf57-225f-438a-91a4-e5685754d06f,36-45,45,76,Male,North,Smoker,Never,26.63,141.6,False,False,234.6,105.1,2025-06-30
27ec8409-466c-4b95-a1f3-ca9f1bd06465,60+,62,50,Female,South,Smoker,Weekly,19.65,142.8,False,False,159.4,108.8,2025-04-15
d152b7aa-78a0-494a-a7f9-e89f23e7c080,26-35,33,72,Female,South,Smoker,Weekly,26.73,141.7,False,False,174.1,105.0,2025-10-16
82134fc6-1f4f-4352-a1bc-469cf5e61323,26-35,30,59,Other,West,Non-Smoker,Weekly,21.79,134.2,False,False,144.2,85.7,2026-02-08
e90ee195-1f98-4db9-9178-58175c7a6e0e,18-25,18,47,Female,East,Non-Smoker,Daily,16.36,97.8,False,False,129.9,79.1,2025-03-17
fb33eb03-7ff8-4d77-a22a-b5924e28c8d5,46-60,47,92,Female,North,Non-Smoker,Weekly,27.87,137.8,False,False,191.1,97.5,2025-01-20
74ab6fa4-f8c6-4be0-a4ea-d1a482646485,60+,73,81,Female,West,Non-Smoker,Daily,27.06,152.8,False,False,235.2,109.7,2025-04-13
af82f372-1d86-4289-b6bb-707143ccf618,60+,72,58,Male,South,Former Smoker,Daily,22.15,139.2,False,False,147.5,113.0,2025-11-19
39479195-86a0-4290-825b-c349a44195e8,46-60,49,56,Female,West,Former Smoker,Rarely,26.71,147.8,False,False,207.7,138.5,2026-02-07
af5883cf-ec2d-4f36-95ac-0817c7d598a5,60+,61,74,Female,West,Smoker,Weekly,26.42,135.6,False,False,253.4,108.8,2025-05-24
6b287871-959a-4628-876e-e150bebf5be8,60+,69,81,Male,East,Non-Smoker,Weekly,26.01,141.8,False,False,238.9,111.5,2025-05-27
46a28b41-1ef5-4855-b13c-75afba1246f7,36-45,37,62,Male,West,Former Smoker,Weekly,22.66,128.4,False,False,164.9,106.8,2026-06-06
3904ccb4-baf5-42d5-9844-c98913358377,26-35,35,65,Male,South,Smoker,Daily,22.88,111.3,False,False,192.1,89.9,2025-11-01
0a609e71-0acf-42b0-98e3-807ad556bd36,46-60,58,64,Female,East,Non-Smoker,Rarely,24.76,137.5,False,True,188.7,117.2,2026-06-07
30255761-d15d-4982-8515-64d2311767d7,60+,74,77,Female,South,Former Smoker,Weekly,30.04,154.6,True,False,185.4,113.2,2025-03-04
0c41afa8-1fa9-4def-97cf-c1382ba6d619,46-60,58,64,Male,East,Non-Smoker,Rarely,24.39,146.2,False,False,183.1,115.0,2025-12-17
41487419-ad7c-432e-9829-4a40af4099be,18-25,25,74,Male,East,Non-Smoker,Rarely,24.47,115.1,False,False,208.3,89.4,2026-03-02
4d848591-e664-433b-96b2-3410468d5ea6,36-45,41,105,Male,West,Non-Smoker,Rarely,34.86,151.6,False,False,151.7,116.2,2025-04-15
723b475a-fc75-4d9d-85a3-286073645ae3,36-45,40,67,Female,South,Non-Smoker,Weekly,20.52,116.4,False,False,195.8,76.2,2025-04-01
d92de909-c762-468b-98da-c63b9deaa65f,60+,69,51,Male,West,Non-Smoker,Daily,21.42,134.0,False,True,222.8,98.1,2025-07-03
dbae825c-b566-4e33-8fd5-aa64883b36bd,46-60,52,79,Male,North,Non-Smoker,Daily,26.89,147.9,False,False,182.3,97.7,2026-08-25
5d0ea119-17a8-4fbd-ad1d-0a4af260a025,60+,62,50,Female,South,Smoker,Rarely,22.85,137.2,False,False,196.2,122.3,2026-08-13
e30d31d0-84e2-4b14-b207-87e5b71415f3,26-35,28,71,Male,South,Non-Smoker,Rarely,25.29,116.8,False,False,175.5,99.4,2026-08-08
323ef321-a3d7-4e53-8db3-073428a874c4,36-45,37,57,Male,East,Smoker,Rarely,20.1,123.4,False,False,156.9,86.3,2026-06-27
652c33a4-ad10-4d50-956b-22e13dfa254e,60+,61,103,Male,North,Former Smoker,Never,35.32,162.6,False,True,222.8,145.5,2025-10-18
7ab43832-412d-48cd-9d75-25acd72eed6b,60+,72,43,Other,North,Non-Smoker,Weekly,16.52,134.3,False,False,191.0,92.4,2025-12-08
ceb6e3c1-fdce-4241-86e7-e3a1ddeb653f,36-45,40,58,Female,South,Smoker,Weekly,21.46,128.8,False,False,162.9,88.3,2026-06-24
db46eea6-5fd9-4dbb-9c8b-4b44e9434fc1,36-45,41,79,Other,South,Non-Smoker,Rarely,25.86,131.2,False,False,163.3,97.5,2025-10-06
f0890b1d-5844-4a60-8336-f3d92a58d199,36-45,45,70,Male,South,Smoker,Weekly,22.7,133.7,False,False,179.7,100.7,2026-05-15
eb8ca87c-4cb6-4431-8ff9-13cadc3cac8c,36-45,43,69,Female,South,Non-Smoker,Never,23.96,131.0,False,False,209.1,107.5,2025-01-20
6b888268-33a4-455c-b283-c20f46f3d1e6,18-25,21,59,Female,West,Smoker,Weekly,22.03,112.6,False,False,189.6,94.8,2025-01-12
cd11cb69-ba6f-4519-9e2d-368d5be4f4bd,60+,71,60,Female,South,Non-Smoker,Rarely,24.52,133.4,True,False,226.3,137.2,2025-08-09
fc682cde-ac96-4c7c-911e-c73273d2bf81,18-25,22,55,Male,East,Non-Smoker,Daily,20.11,115.0,False,False,120.0,89.0,2026-03-03
c11aa047-61cb-4ab5-aafa-f827bfa27ed1,60+,66,56,Female,South,Smoker,Weekly,19.81,144.1,False,False,183.2,98.6,2026-08-13
9d27f03e-03d1-4993-b74e-373616dc4c84,18-25,21,49,Male,North,Non-Smoker,Rarely,18.94,117.6,False,False,122.0,78.0,2025-05-04
b802c14b-4048-41f4-8817-ea3c12c43310,46-60,58,78,Female,North,Non-Smoker,Rarely,27.47,143.5,False,False,226.5,119.9,2026-08-12
c08df774-f1c3-4abd-a5da-1862b0b3f748,46-60,56,61,Male,North,Smoker,Weekly,24.06,146.9,False,False,227.4,109.2,2026-07-08
b06bb559-213b-4843-9d24-eda609ded5f9,60+,68,83,Male,West,Non-Smoker,Never,30.81,152.2,False,True,244.1,129.0,2025-01-14
b560629e-3663-4b32-b394-984e24876619,60+,66,79,Male,South,Non-Smoker,Weekly,27.54,175.0,False,False,180.0,98.5,2026-05-11
aa835087-ca9a-40d4-b70e-c29e4ab28720,36-45,36,61,Male,West,Former Smoker,Weekly,20.92,130.3,False,False,193.5,107.3,2026-09-26
6168bd50-7017-4cb9-8b53-c898a8d889e7,60+,79,68,Male,North,Non-Smoker,Daily,25.87,157.2,False,False,168.2,110.8,2026-04-23
61004612-52e7-4fd1-8183-7fe060908bf3,26-35,30,65,Male,East,Former Smoker,Daily,29.22,143.2,False,False,213.4,92.2,2025-01-31
f3fe6f14-2d0f-4fee-83f7-b499772bc043,46-60,53,58,Male,East,Former Smoker,Daily,21.37,135.7,False,False,228.0,95.0,2025-05-04
80f93b16-644a-480c-86ee-c066e970b1ef,46-60,58,56,Male,North,Non-Smoker,Weekly,22.74,135.2,False,False,188.4,100.8,2026-01-26
17919696-d725-48f5-a90e-f1813dab749c,46-60,56,67,Female,South,Non-Smoker,Rarely,26.69,130.1,False,False,223.4,108.7,2026-08-03
568e4110-ba61-4a04-801b-17fd85e511d2,60+,72,68,Female,East,Smoker,Daily,25.01,143.3,False,True,218.9,122.1,2026-05-27
7fdefebe-fdd5-4ec9-930f-7dbb167ead19,26-35,35,78,Male,West,Former Smoker,Never,25.59,124.6,False,False,179.7,98.7,2026-05-05
0cc99a42-d61a-4fdb-b1aa-e26fa065b9ba,60+,78,66,Female,East,Non-Smoker,Rarely,26.74,160.6,False,False,217.6,131.9,2025-02-20
ab7891df-e254-4ebe-be50-d747e1697013,60+,71,62,Female,North,Non-Smoker,Rarely,23.13,157.1,False,False,236.6,125.7,2025-10-11
dd941d03-a5dd-4e21-adf4-87fc3bc6a2d9,60+,63,52,Male,North,Former Smoker,Never,21.99,139.5,False,False,167.2,108.8,2026-04-29
aa304637-e660-4dd2-8464-35e2e8de0d09,46-60,54,67,Male,West,Former Smoker,Rarely,26.03,154.0,False,False,173.6,101.5,2025-07-08
41cfcedf-fd50-450b-be00-6ac6ecd26403,46-60,57,69,Male,East,Non-Smoker,Rarely,24.66,129.5,False,False,204.9,95.5,2026-05-19
8f9df26b-2185-4329-b364-fd0f3b94e8cb,26-35,31,66,Female,North,Former Smoker,Rarely,29.08,142.2,False,False,178.0,112.5,2025-01-12
467e92d8-f18f-4dcb-81b2-2ce11b2e2077,26-35,31,75,Female,South,Non-Smoker,Daily,25.55,131.8,False,False,175.5,109.4,2026-05-27
f6fff62b-b6fa-4857-aff9-15fa109fc824,36-45,36,56,Female,East,Smoker,Daily,21.03,114.6,False,False,176.5,83.3,2026-02-10
fa09f61a-b768-422e-99e6-ff3a74aa04d2,60+,76,91,Female,North,Former Smoker,Never,31.96,149.5,False,False,228.3,134.0,2026-02-20
105968cb-dbc6-4517-b1a1-4ef087328ae5,60+,69,60,Female,West,Non-Smoker,Rarely,22.56,143.8,False,True,231.0,112.1,2025-09-10
5d8a401f-db1c-478a-a3e6-9891ab9ae1d7,26-35,32,61,Male,North,Smoker,Rarely,22.92,124.9,False,False,158.2,93.4,2025-06-30
b0ac2228-352a-4501-82b3-afd05b6a4867,46-60,51,69,Other,West,Smoker,Daily,22.85,140.4,False,False,247.2,107.8,2025-08-06
64e5bf52-07fd-4cc5-8986-301219457488,36-45,37,64,Male,West,Non-Smoker,Rarely,25.93,135.0,False,False,184.4,134.0,2026-03-01
2bc62ea3-37b0-4974-9a86-84eae41b092d,18-25,23,65,Female,West,Non-Smoker,Daily,23.55,127.3,False,False,154.5,81.3,2025-07-15
fc16e1d3-db03-4ec1-bf60-379db6e61b2f,26-35,28,62,Male,South,Smoker,Weekly,21.17,126.7,False,False,205.8,114.3,2025-02-06
f7b3bbee-4604-49c2-89ed-005626a011ec,18-25,18,54,Female,South,Non-Smoker,Weekly,20.08,111.9,False,False,161.5,75.5,2026-06-27
745f2a3b-525d-4b64-aab5-cf0da1e9279f,18-25,22,56,Male,East,Non-Smoker,Rarely,22.82,118.9,False,False,167.4,102.7,2025-11-06
3332db1c-f1f9-4139-9fb4-7741f239a499,46-60,46,63,Male,South,Smoker,Weekly,25.79,138.8,False,False,223.1,88.6,2025-03-11
2591d790-a796-4f4f-b026-93ff6d0e8d8f,26-35,32,85,Female,North,Former Smoker,Rarely,29.56,135.4,False,False,196.4,108.6,2026-04-08
232baa8c-be5f-4724-a892-79c6f8a0c498,60+,67,54,Male,South,Smoker,Weekly,20.34,151.0,False,False,175.4,101.8,2026-09-28
96fe6343-875c-4a4a-a928-4773b69815ad,46-60,60,53,Female,North,Former Smoker,Weekly,17.03,127.4,False,False,192.5,116.1,2025-10-06
278d3b53-1a38-449d-9a07-b1061c0244cd,26-35,30,64,Female,East,Smoker,Rarely,22.66,99.9,False,False,215.8,87.0,2026-03-02
e21f14c7-f644-4ec0-9a72-8bfe0d75e180,60+,79,62,Female,West,Non-Smoker,Rarely,24.59,147.2,False,False,209.9,85.6,2025-09-24
268753d7-6c1e-459b-9c58-2fd8308d571f,18-25,18,47,Female,South,Former Smoker,Rarely,21.04,124.9,False,False,150.0,77.7,2025-05-16
1b155d53-1a81-4f6a-8872-bc56c141e63e,36-45,39,56,Male,South,Non-Smoker,Rarely,18.76,133.2,False,False,192.8,73.6,2026-04-08
8b91b677-105b-4213-9fd5-b772161927d5,46-60,58,64,Female,South,Non-Smoker,Daily,22.23,111.0,False,False,196.2,99.0,2025-05-05
ab8f1f0a-9976-4064-aa77-2e46cf68792d,26-35,26,72,Male,North,Non-Smoker,Daily,24.43,105.9,False,False,154.9,71.4,2025-12-09
0f86bf44-dd95-4db3-920f-6e56a1c83402,46-60,48,69,Female,East,Smoker,Daily,24.64,157.0,False,False,163.8,134.5,2025-03-31
787d8606-83b1-4df1-ab22-73ef1530a39c,36-45,39,71,Female,West,Non-Smoker,Rarely,24.27,132.6,False,False,178.9,88.9,2025-11-09
c85061a4-28b6-4753-9524-61810ed9a38e,60+,80,47,Female,West,Non-Smoker,Weekly,19.42,160.2,False,False,176.0,128.3,2026-09-27
7a8ebe00-49bb-43ce-a2a0-d7b33c0e4576,26-35,29,70,Female,North,Non-Smoker,Daily,23.1,142.7,False,False,169.8,121.9,2026-07-05
d134357f-fc1f-4422-a1de-66a62ba0f277,60+,80,62,Male,East,Non-Smoker,Weekly,22.49,167.6,False,True,243.0,99.7,2026-02-16
f7a1e158-4db3-4fd6-acae-d5533c6a3bf7,26-35,28,76,Male,East,Non-Smoker,Rarely,28.68,114.1,False,False,196.8,110.7,2025-12-08
082755c4-f0a4-4839-a14e-b09548c5f809,60+,70,94,Male,West,Non-Smoker,Weekly,31.39,162.4,False,True,187.6,135.5,2025-10-28
d5ce2b5c-a99f-4ce8-b4ba-b16e069fbf19,46-60,46,55,Male,East,Former Smoker,Daily,21.2,136.8,False,False,170.2,72.2,2025-09-03
77def90f-643e-4ffb-9a44-66b7d37566a1,26-35,34,61,Male,North,Non-Smoker,Rarely,23.93,112.6,False,False,200.2,81.7,2026-08-14
56fd6555-301b-4372-99f0-dffd94bd5801,60+,80,77,Female,East,Non-Smoker,Daily,27.84,159.1,False,False,237.2,107.6,2025-06-07
b3376efe-4a7f-49b6-a006-8c6e5185a5b0,26-35,27,59,Male,East,Smoker,Daily,25.06,138.7,False,False,203.1,98.5,2026-01-23
a868c1ac-a958-4233-982c-3be5e5de1a52,36-45,37,73,Female,North,Smoker,Never,25.68,139.7,False,False,229.7,106.3,2026-03-29
13fb6ccf-9024-4cd4-ba50-c0a553006ee3,60+,78,65,Male,East,Non-Smoker,Daily,25.59,163.1,False,True,218.2,98.8,2025-01-04
6d8a4f32-ee54-4f69-afb1-b3017998a5da,36-45,42,75,Male,North,Non-Smoker,Daily,24.27,137.7,False,False,134.0,116.9,2026-05-18
246e8c78-c4d1-482b-847e-f58188520f17,36-45,41,44,Male,East,Non-Smoker,Weekly,18.34,137.8,False,False,173.3,97.1,2025-04-11
584f8d68-ee4e-4792-8975-dd7f0acb3cf9,18-25,19,59,Male,South,Former Smoker,Never,23.61,110.2,False,False,192.8,102.5,2025-08-29
c861b329-18c4-4e6c-960d-b619e0185e3f,46-60,57,73,Female,South,Non-Smoker,Weekly,25.02,138.0,False,False,190.1,117.8,2025-11-03
d60aaae1-b28c-4ef2-a178-6cd5816c47b7,26-35,28,50,Female,North,Non-Smoker,Weekly,16.75,118.2,False,False,178.7,91.6,2026-07-04
bce9b4f1-2f34-4aab-af73-d317b64dedeb,18-25,18,93,Male,South,Non-Smoker,Never,30.64,114.7,False,False,171.5,119.5,2026-01-26
5ed0f100-5d39-4d0c-bbd9-cf35802d4a4f,60+,77,69,Female,North,Non-Smoker,Daily,24.66,156.0,False,False,232.9,120.1,2025-05-07
b707218e-a160-4dae-b7a4-4fb8ff2dc735,36-45,41,74,Male,North,Non-Smoker,Rarely,26.14,139.8,False,False,199.2,106.2,2026-04-16
bfd119d1-c573-4693-8df9-78e5ed0be928,60+,72,70,Female,South,Non-Smoker,Daily,29.98,164.6,False,True,237.8,116.9,2026-05-23
e2e0b1c0-a75d-4dc0-ae04-88ba25a63219,46-60,58,73,Male,East,Former Smoker,Weekly,24.85,120.1,False,False,179.3,87.4,2025-05-08
af5a12f1-8ce6-4889-b3b2-5873498b6328,36-45,38,55,Female,North,Non-Smoker,Rarely,18.71,111.5,False,False,145.9,78.9,2026-02-15
7b229d7e-94e2-4adc-91a2-dae7badc5a34,60+,75,63,Male,South,Former Smoker,Rarely,22.64,145.9,False,True,210.2,89.0,2025-04-14
bbd4595a-be9e-4fb3-a430-0eec5162b1e4,18-25,22,81,Male,South,Non-Smoker,Rarely,23.04,119.5,False,False,195.7,110.1,2025-06-21
14f11e75-ba5d-42df-a288-d287948e8e2a,36-45,38,68,Female,East,Non-Smoker,Rarely,24.41,116.1,False,False,171.5,108.5,2025-05-15
177b5495-f71b-4d92-b13a-7d522f0025b8,26-35,29,60,Male,North,Smoker,Never,25.48,131.4,False,False,175.9,109.3,2025-06-13
78cadc53-8b4d-4efb-b93a-5cc32925624a,18-25,19,50,Female,North,Non-Smoker,Weekly,18.6,110.9,False,False,129.5,80.0,2026-03-21
5153eb3b-6252-4185-a35c-a864f3ce25a1,26-35,33,52,Male,East,Non-Smoker,Daily,17.01,100.4,False,False,156.7,73.8,2025-08-05
583eb4f6-8682-42ef-8807-2b36a5189b9b,60+,65,67,Female,West,Smoker,Weekly,26.58,154.0,False,False,208.3,107.4,2025-08-26
775300bc-cfc7-45d1-85fd-910af6e582e4,60+,73,76,Female,East,Non-Smoker,Rarely,30.05,168.3,False,False,203.2,113.8,2025-11-01
b1fa87c1-8d0a-4e6a-8685-cdd7a290dcd5,60+,69,70,Male,East,Smoker,Never,25.39,150.9,False,False,195.2,129.5,2025-10-16
31b7a1dc-ba19-4da7-b3a1-42e67be6bbdf,26-35,29,70,Female,West,Non-Smoker,Rarely,23.67,132.1,False,False,171.0,112.2,2025-05-30
b77faeff-9520-4d15-aa44-914f9b12a1f2,36-45,40,63,Female,East,Non-Smoker,Weekly,21.91,119.9,False,False,169.1,71.0,2026-03-19
16fddb15-accb-43fb-9c5a-8a482c3c7f2c,60+,66,60,Female,North,Non-Smoker,Weekly,20.43,146.8,False,False,240.5,93.8,2025-04-02
e8263c3b-8dec-476a-bfa1-688b01311fa7,18-25,20,54,Female,North,Non-Smoker,Weekly,18.37,105.3,False,False,168.7,95.1,2026-01-07
b2d8d6cd-d73e-4840-859a-3378c5887d34,60+,68,75,Male,North,Non-Smoker,Daily,26.31,152.3,True,False,240.2,101.6,2026-02-12
009e061a-db4e-4c49-a773-a8b3a7b8c418,46-60,58,83,Male,West,Non-Smoker,Weekly,26.16,145.9,False,False,193.8,99.3,2025-09-14
5bd7020b-30ba-4a9f-a6b2-fe07c5a6a908,46-60,54,55,Male,East,Former Smoker,Rarely,21.21,106.3,False,False,154.2,83.0,2025-02-10
50018b5e-01a3-4d28-a460-b7e503f5329b,60+,61,80,Male,West,Former Smoker,Never,27.6,136.8,False,False,222.8,117.6,2025-10-11
5fae5b11-19f2-4e61-97b7-ad4b593a7839,46-60,53,51,Male,South,Former Smoker,Never,21.93,151.8,False,False,217.7,120.4,2026-04-20
46dc8706-54a8-4062-bb92-3acddce208a9,36-45,44,55,Female,East,Smoker,Rarely,19.35,153.3,False,False,152.2,94.0,2026-06-28
8423c21e-6328-4f6a-8543-473a84030cf0,46-60,50,58,Male,West,Smoker,Daily,22.8,122.1,False,False,207.6,76.1,2025-03-04
3296fe6e-0588-43a8-8437-4a4fca2e303b,26-35,33,66,Male,West,Non-Smoker,Weekly,22.32,119.5,False,False,152.4,96.9,2026-09-22
e1b6a034-fa0d-4f8f-ac7f-5815a2bc6b23,18-25,22,71,Female,North,Non-Smoker,Daily,23.1,120.3,False,False,170.9,106.0,2026-08-11
4d9692d2-4430-442e-92e6-2cf8007a97cc,26-35,34,56,Female,East,Non-Smoker,Daily,24.15,133.8,False,False,194.4,101.2,2025-01-05
2b8904ad-6cf3-4dba-8de9-c8584c091773,60+,66,61,Female,East,Non-Smoker,Daily,22.16,156.2,False,False,179.7,126.1,2025-07-27
1b54c7a2-99dc-4880-98b1-473b75adcb78,26-35,34,68,Male,North,Non-Smoker,Weekly,22.25,108.7,False,False,182.7,109.0,2026-09-16
308b78b1-7a0e-48d8-8b5c-d49bf879ebaa,26-35,28,60,Male,North,Smoker,Daily,24.84,127.3,False,False,215.5,92.6,2025-03-30
4c6f5c1d-3cb9-4a03-9a59-d1e78f95854e,46-60,48,68,Female,West,Former Smoker,Weekly,26.74,161.9,False,False,166.8,119.2,2025-11-29
b00c6ad2-fc72-4d16-87e6-869813ef6839,60+,70,68,Female,West,Smoker,Daily,22.58,173.8,False,False,226.0,94.7,2026-09-11
97508a8d-f0b8-4ea7-8b15-0967663f9ee3,18-25,18,85,Male,West,Non-Smoker,Weekly,26.45,108.7,False,False,136.4,102.8,2025-09-11
9e0f8654-4f70-44f1-88ec-e7ae6dd76e97,60+,72,73,Male,West,Former Smoker,Rarely,23.48,151.1,False,True,219.8,118.9,2025-06-12
17c5e0a0-677d-4797-9364-182251decbdd,60+,77,71,Other,East,Non-Smoker,Daily,27.82,153.7,False,False,214.3,137.4,2026-05-13
708b6a60-3372-413a-bee1-824f007b91ca,36-45,38,82,Male,North,Non-Smoker,Rarely,27.26,127.4,False,False,189.2,90.5,2026-08-02
f4a27d94-e157-4e0c-82aa-96d709684734,60+,72,75,Female,West,Non-Smoker,Weekly,23.18,153.3,False,False,218.4,97.1,2025-05-13
16f46ad4-683e-4bd3-8ee2-45693985be8a,46-60,58,67,Male,South,Non-Smoker,Rarely,22.34,159.9,False,False,161.5,92.4,2026-08-06
f2c49e4f-925b-450d-9509-a52504c3d6a3,26-35,35,44,Male,South,Smoker,Weekly,20.25,129.5,False,False,180.4,95.2,2025-04-14
728673f9-1e61-4440-9897-87f246656231,18-25,25,62,Female,South,Non-Smoker,Daily,23.24,125.5,False,False,174.2,67.7,2025-05-06
40f41bfc-b84f-4231-b50b-336c7627be84,60+,76,69,Female,South,Non-Smoker,Rarely,23.73,163.9,False,False,160.5,123.0,2025-12-13
a0be2d9c-7abe-4991-af62-4dc585eac589,46-60,52,85,Female,South,Non-Smoker,Weekly,27.39,137.6,False,False,175.2,98.9,2026-07-11
86af5653-9eb2-48e4-9166-d50d5682c8d5,18-25,22,54,Female,West,Smoker,Daily,18.07,131.4,False,False,169.7,84.8,2025-12-11
e07e689d-41a7-4eff-be1e-d390cdbe661a,26-35,31,77,Female,South,Non-Smoker,Weekly,28.38,132.9,False,False,174.7,87.1,2025-08-19
f1ad9850-149d-4e25-ab57-a0087f7baa66,36-45,42,56,Female,West,Smoker,Daily,19.88,117.2,False,False,193.2,90.0,2025-06-16
6d3d59ea-1ca8-480c-8351-ce29585518e6,36-45,44,77,Male,East,Non-Smoker,Never,26.13,124.7,False,False,199.0,102.1,2025-11-22
7b854f60-fcfd-4705-9ac5-0ee48b67e1fc,46-60,49,65,Female,West,Non-Smoker,Rarely,26.06,118.6,False,False,171.3,106.5,2026-05-09
829e30a2-0af7-43fb-bf71-6056a125de28,26-35,32,62,Male,East,Non-Smoker,Weekly,20.88,122.0,False,False,167.4,78.7,2025-06-03
42819adf-b573-4a02-b2dc-f5c8a2d46211,46-60,55,49,Male,South,Smoker,Weekly,19.65,156.0,False,False,161.1,97.2,2026-04-20
7cfbe765-471f-4aa5-ad55-14372a04f0a9,46-60,58,76,Male,North,Former Smoker,Weekly,24.06,145.7,False,False,217.9,107.3,2025-09-11
af3b8a4b-5730-4a6b-9eb4-55661da42f3a,46-60,58,81,Male,South,Former Smoker,Rarely,26.12,137.0,False,False,204.5,106.6,2026-08-07
7a8860bc-7369-4abd-9819-5a98414c1303,36-45,41,69,Female,North,Non-Smoker,Daily,22.34,141.4,False,False,181.8,114.5,2026-08-14
f4a7ccaa-43c0-4b34-94ae-6981ba850e92,46-60,56,60,Female,South,Non-Smoker,Rarely,23.39,129.1,False,False,139.3,101.2,2025-01-12
b214266c-fdfa-4af2-8df3-ccb28b30b4b2,26-35,27,84,Male,South,Smoker,Daily,27.99,127.9,False,False,194.7,87.2,2025-06-14
09a7be35-1402-47a0-aacb-60468f71c409,60+,78,89,Male,West,Non-Smoker,Weekly,28.26,150.7,False,False,197.1,127.9,2025-10-11
30baac41-abc7-4862-b127-c75371de3d28,18-25,24,54,Male,South,Non-Smoker,Daily,19.93,111.5,False,False,171.5,86.5,2026-09-04
a43e38f7-21d9-4491-a73b-9b4443927f51,60+,68,72,Male,North,Non-Smoker,Weekly,23.44,146.4,False,False,195.0,107.7,2026-08-10
f55d50d5-e66c-4c05-98e4-19933dd327bc,18-25,20,72,Female,North,Smoker,Weekly,21.45,124.1,False,False,193.8,118.0,2026-04-01
58d814db-5062-4948-abf7-5490a3174d9a,60+,71,76,Female,South,Non-Smoker,Weekly,26.25,140.1,False,False,230.1,89.6,2026-02-11
eb663e18-80f9-47d2-8643-e565e7331687,46-60,54,66,Other,North,Non-Smoker,Weekly,21.63,133.2,False,False,172.5,95.3,2025-11-30
cd936be7-8d22-44ea-b19b-93340db0d191,60+,65,92,Male,East,Former Smoker,Daily,28.66,142.8,False,False,216.9,140.5,2026-04-05
a7b7855a-c63f-44f9-971d-56da3aef22e7,46-60,57,98,Male,South,Smoker,Weekly,26.96,141.7,False,False,239.4,121.3,2025-11-29
eaf495ea-954a-45bb-8d5f-0808799a7d60,46-60,51,55,Male,North,Smoker,Weekly,20.19,149.6,False,False,209.0,102.3,2025-08-14
9ba7b802-6fe8-422d-a780-b8ff8ce54a3b,60+,68,58,Male,West,Former Smoker,Weekly,18.49,128.8,False,False,148.2,92.6,2026-03-02
cd30faad-9b39-48a7-b6f2-d58463d5fd07,46-60,55,58,Female,East,Non-Smoker,Weekly,21.42,147.3,False,False,184.1,101.9,2025-05-31
fc47ff90-8c12-42a6-b1d4-67d99b6a225a,46-60,47,63,Male,North,Smoker,Never,26.53,152.1,False,False,213.0,94.6,2026-08-16
960f7cdb-e6bf-4251-aba7-dfc960f43746,60+,77,75,Female,West,Non-Smoker,Rarely,25.11,163.5,False,False,226.5,108.3,2025-09-14
47c9d263-9010-491a-a4ae-e67cffa831a6,60+,74,72,Male,West,Non-Smoker,Never,26.16,142.4,False,False,181.0,123.6,2025-06-07
312fd445-7409-4f33-a030-fb03ec09adb9,26-35,30,71,Male,East,Smoker,Daily,21.34,135.8,False,False,200.8,68.8,2026-07-27
c10e4331-8524-435b-a8d6-51a0f934e215,36-45,45,93,Female,West,Non-Smoker,Never,31.04,149.2,False,False,211.7,100.8,2026-01-28
28ee2ff0-5674-4c9b-af66-b55d990b333f,36-45,37,58,Female,West,Former Smoker,Daily,24.4,142.5,False,False,213.3,118.0,2025-02-09
34af18a0-1029-410c-a6b7-4e40afd83ec6,60+,78,90,Male,South,Non-Smoker,Rarely,24.6,155.1,False,False,186.2,118.9,2026-03-11
dc437151-7fa2-47a1-9e91-215c1f64f636,36-45,40,61,Female,South,Non-Smoker,Never,24.8,117.5,False,False,168.3,135.2,2025-09-24
560dc7e5-b192-4657-afd6-f48eb1674bb7,36-45,39,64,Female,South,Former Smoker,Rarely,24.6,128.2,False,False,167.6,109.2,2025-02-22
c99a18c8-e7ba-4a4d-9e60-52248143353e,60+,75,48,Male,West,Non-Smoker,Daily,20.85,123.1,False,False,203.4,82.4,2026-02-26
dee789e7-5113-494a-b428-9bb515bdd332,60+,71,64,Female,West,Non-Smoker,Daily,25.06,159.2,False,False,217.9,102.6,2025-06-05
e42e9d6a-1fd8-4b9a-973d-2575311dc977,36-45,43,52,Female,East,Non-Smoker,Rarely,22.2,130.9,False,False,180.4,90.3,2026-07-14
0608428b-9c8b-4f49-8708-2b317decdc06,46-60,57,69,Female,North,Former Smoker,Weekly,31.24,143.9,False,False,191.5,140.1,2026-07-04
00293b4d-a27b-4ce9-a2ee-9f91c1f30b69,36-45,40,64,Female,South,Non-Smoker,Never,25.88,118.5,False,False,174.5,125.7,2026-08-02
28dbb37f-da82-42fe-a584-f2bf7b6048ac,26-35,26,64,Male,East,Former Smoker,Weekly,23.38,121.5,False,False,152.2,102.4,2025-09-23
374b18fe-8e18-4735-8662-ff92f18325ae,26-35,34,88,Male,South,Non-Smoker,Never,26.05,123.0,False,False,161.2,126.1,2025-06-18
0d7ef2f9-e5ef-4222-a2ad-9aa6f7517542,46-60,51,64,Male,East,Smoker,Daily,25.49,144.8,False,False,203.5,124.8,2026-04-17
8ee2378a-888e-4f1e-9c27-2dd38355eece,26-35,28,69,Male,South,Former Smoker,Weekly,22.82,118.0,False,False,151.8,114.9,2025-10-29
c2252838-724f-4ab6-81be-80117662d0b9,60+,61,88,Female,East,Non-Smoker,Weekly,25.33,142.4,False,False,191.1,108.4,2025-05-17
1fe92683-8420-4cce-b914-d9a89d0cec68,46-60,51,60,Female,South,Non-Smoker,Weekly,20.84,123.7,False,False,179.6,126.4,2025-01-16
d0d7a356-579e-448c-a70e-42b683afa0cf,26-35,28,64,Male,South,Non-Smoker,Daily,24.94,111.8,False,False,166.1,98.7,2026-05-31
0c4f8f8c-c95d-40c8-867d-f880d4c1d2a0,60+,80,85,Male,North,Smoker,Never,28.2,180.4,False,True,263.3,135.2,2025-04-24
94b67716-5bbe-4f63-b55a-85cd69ad1019,46-60,56,66,Female,West,Former Smoker,Weekly,21.64,128.6,False,False,206.0,103.0,2026-01-31
fe2279b2-fb80-4f11-a476-5e642d63114a,18-25,18,64,Male,North,Non-Smoker,Weekly,21.75,100.2,False,True,183.2,93.1,2026-02-24
893cc2c8-5950-4402-bbd0-042dce5ca9df,26-35,32,64,Female,North,Non-Smoker,Rarely,22.99,136.1,False,False,172.6,101.4,2026-07-02
7298967c-1474-47b0-adc1-86ea2177892b,26-35,27,77,Male,South,Smoker,Rarely,28.12,139.9,False,False,185.4,111.2,2026-02-19
d0812429-cbc7-4186-b0b6-338b0ec7472f,36-45,42,80,Female,South,Former Smoker,Rarely,29.37,140.7,False,False,220.6,123.4,2026-06-28
c4dfdb3b-05af-4e6e-a64a-bde360e36e8f,18-25,18,47,Male,North,Non-Smoker,Never,18.77,114.5,False,False,155.4,92.7,2026-08-03
8e102107-f72e-4fff-b3c9-2048a3ff6d27,60+,65,44,Female,East,Former Smoker,Rarely,16.38,132.8,False,False,164.2,81.9,2025-02-23
6a2aff8e-d55c-4169-a206-4e0741568eb3,60+,73,64,Male,North,Non-Smoker,Weekly,21.74,144.4,False,False,228.8,114.5,2025-09-04
7f81efef-9d25-4d3a-9c5a-5cad65b68616,46-60,56,89,Female,South,Non-Smoker,Daily,29.07,141.5,False,False,200.1,131.1,2026-07-11
48e50723-c11f-4254-8b4a-8e2cf95010ad,60+,66,70,Male,South,Non-Smoker,Rarely,23.72,136.5,False,False,204.5,129.5,2026-06-01
f92416bc-1ab4-4793-8776-27d7ccf99cef,26-35,31,73,Female,North,Smoker,Weekly,25.67,144.1,False,False,204.9,91.9,2025-11-04
d0ca612f-a96d-42c9-9f0e-78aba2c5d4ae,18-25,20,66,Male,North,Smoker,Rarely,25.87,128.0,False,False,186.5,83.1,2025-06-05
4e37cb78-b193-41bb-8aa9-efc538c04e95,46-60,55,67,Female,North,Non-Smoker,Rarely,24.48,147.5,False,False,157.1,96.2,2025-07-22
512a7fbc-0bca-4aa4-a27f-eb5b05068b35,26-35,26,63,Female,North,Non-Smoker,Weekly,21.17,129.6,False,False,194.1,91.6,2025-01-23
a35ca53d-5aba-426c-93ff-28063c958b5f,46-60,57,72,Female,West,Non-Smoker,Daily,26.46,157.3,False,True,150.8,110.0,2025-10-24
f7fa2a07-a676-4738-98cf-7ea4a43c477e,46-60,50,82,Male,East,Former Smoker,Never,32.28,153.6,False,False,216.3,116.1,2025-11-23
f89584b6-8bc6-42c8-b072-8f460752499d,26-35,27,57,Male,South,Former Smoker,Rarely,20.11,123.9,False,False,136.1,85.4,2025-04-08
85e177bc-a267-4288-ba21-afda0b93015b,46-60,48,64,Male,West,Non-Smoker,Weekly,26.77,122.6,False,False,201.3,103.4,2025-12-11
89e6ed20-fc49-4b8d-a1a9-ff4e19d5d7d1,60+,70,57,Female,West,Non-Smoker,Weekly,25.05,145.3,False,True,202.7,109.8,2026-07-27
c7b291b3-8542-4f11-8911-2f4428b00ca0,26-35,29,103,Female,North,Non-Smoker,Never,32.67,136.5,False,False,187.6,119.7,2025-12-15
e81611a8-b53e-4bbb-9a8e-a19a805e23a6,46-60,52,61,Male,South,Non-Smoker,Daily,22.27,129.0,False,False,185.9,92.9,2025-05-31
55a8b11d-358a-447b-bda2-2cbc3dcabd45,60+,68,50,Female,West,Non-Smoker,Rarely,20.07,139.2,False,False,201.3,83.4,2025-03-19
e0d1f0cb-734f-4a4f-aa61-ca2bf16b9234,60+,68,84,Female,South,Smoker,Rarely,27.58,161.6,False,False,193.2,135.1,2026-06-18
72bcb185-0a3a-4959-8784-76504d9fe605,60+,76,53,Female,East,Smoker,Daily,20.39,151.9,False,False,183.1,101.5,2025-10-15
9cedb5e4-262e-4ed4-bc59-1d1c7a56b35e,26-35,26,72,Female,South,Smoker,Weekly,25.93,135.1,False,False,183.2,91.7,2025-06-16
068bde98-90c9-4bb9-819d-142a39cb8437,26-35,34,71,Male,South,Former Smoker,Rarely,26.48,102.6,False,False,182.1,102.9,2025-09-07
6ce3541f-3169-4b4c-8919-efe4efacd2e3,18-25,24,74,Female,North,Smoker,Rarely,25.8,145.6,False,False,170.9,98.8,2025-04-04
c55c8c90-3fc4-4e6e-ba56-d8690e7880e3,60+,64,75,Female,South,Smoker,Never,27.28,143.9,False,True,244.5,125.5,2025-10-30
6b6c3452-2f30-42a7-a008-54f25388c819,60+,78,63,Male,North,Non-Smoker,Daily,25.75,154.9,False,False,204.8,108.9,2026-08-03
9fdf43e1-8176-420b-810c-bcc8468331d0,18-25,18,85,Male,South,Smoker,Never,25.88,131.3,False,False,170.0,127.4,2025-02-11
f77103db-7dfa-4a3b-92e0-70f58294f795,60+,74,71,Female,West,Former Smoker,Daily,28.07,151.2,False,False,239.7,129.6,2025-02-28
a0d1cf25-d9cb-4c3f-b912-ffc5a81aa4c6,60+,73,107,Female,South,Non-Smoker,Rarely,31.31,158.3,False,False,217.5,108.7,2026-09-02
ebc1a24e-b69b-4a3a-89b9-166489029419,60+,64,55,Other,North,Non-Smoker,Daily,23.27,130.1,False,False,208.6,111.1,2026-02-23
7aef1475-db4d-453c-8293-26f2a6efa161,60+,74,75,Male,West,Former Smoker,Rarely,30.85,154.8,False,False,247.7,124.5,2025-03-26
d39cb285-06bc-4e84-9af1-b99907fbccbb,26-35,33,63,Female,West,Non-Smoker,Weekly,22.54,129.0,False,False,191.8,83.6,2026-07-04
a5d00ad3-005e-4213-9361-a65a4ec3322e,26-35,32,46,Male,South,Former Smoker,Weekly,19.15,140.5,False,False,204.5,92.1,2025-11-08
70fa45d7-91e5-496e-b38f-53926ef72144,46-60,54,50,Male,North,Smoker,Daily,21.4,139.6,False,False,190.2,113.2,2025-03-18
7585a825-4ad2-4531-bb90-099ccbcf5902,46-60,55,87,Female,East,Former Smoker,Weekly,27.79,139.6,False,False,206.1,103.3,2026-03-12
45b98193-ead5-4db6-a959-5aa72ec24c9a,46-60,51,63,Female,South,Non-Smoker,Daily,20.64,110.3,False,False,182.9,89.7,2025-09-20
e97b3804-12c1-4604-843c-9c7cba1d24c9,46-60,55,79,Female,South,Former Smoker,Daily,28.73,133.9,False,False,214.4,107.1,2025-04-06
3467b08a-1e76-4822-9c73-4f58ce8295e7,18-25,22,77,Male,West,Non-Smoker,Never,25.38,126.5,False,False,172.1,129.7,2026-05-11
7c98bbde-9fd0-4e68-887b-aae497b9cd05,36-45,44,56,Male,South,Smoker,Weekly,19.71,145.1,False,False,167.7,96.1,2025-07-22
eccaa763-00b9-4d15-90a9-b94b94b3f306,46-60,51,67,Male,North,Non-Smoker,Never,24.17,150.3,False,False,210.6,116.3,2026-08-01
88d45fa6-ef7a-4929-aad9-2a0bc4cbd6bb,60+,76,64,Female,West,Non-Smoker,Weekly,26.08,150.4,False,True,221.8,111.3,2025-08-22
cfc67fab-f728-47fc-8e10-f2461094a4cb,36-45,42,76,Male,South,Non-Smoker,Weekly,26.95,142.1,False,False,186.4,108.3,2025-04-16
b94de513-ad71-4d7c-a0b6-9d724c736ad3,46-60,49,61,Male,North,Non-Smoker,Weekly,25.53,140.9,False,False,174.3,90.8,2025-07-20
139a4677-71a0-477b-8c41-d7be88a156dd,46-60,57,49,Male,West,Smoker,Weekly,17.64,119.7,False,False,170.6,92.6,2026-03-10
223460c5-006b-4294-a186-3af14c12241c,60+,77,95,Male,South,Smoker,Never,32.0,176.8,False,True,229.0,136.8,2025-12-03
4529f084-731f-4863-b959-778efe54311c,26-35,34,70,Male,East,Non-Smoker,Rarely,24.32,135.8,False,True,150.8,93.8,2026-05-10
f1a28c58-fb37-47ae-822e-a6099ee38c6e,36-45,42,52,Male,North,Non-Smoker,Weekly,18.98,126.6,False,False,190.5,73.1,2026-05-25
7b207e2c-e624-42ff-a1c7-c6ee29b7f95a,18-25,25,69,Female,East,Non-Smoker,Daily,24.46,113.4,False,False,224.2,103.7,2026-07-18
44c301ee-eb91-415d-8312-debb877ace8e,60+,61,66,Female,North,Former Smoker,Weekly,23.94,159.6,False,False,158.1,120.9,2025-08-06
37724abb-578f-4675-b6b5-124d50761e99,18-25,24,60,Female,West,Smoker,Never,24.2,130.8,False,False,197.2,94.5,2026-03-08
f58c7833-716e-45c3-a9d5-644c674cb422,60+,71,76,Female,East,Non-Smoker,Weekly,23.19,148.1,False,False,194.7,128.7,2025-03-05
ca358ded-cf3b-45cf-a51b-0e539fbfd402,18-25,19,65,Male,West,Non-Smoker,Rarely,23.12,134.7,False,False,153.4,84.9,2025-08-30
90093be3-1aa9-43e5-8dae-ae0fcee2c282,26-35,33,80,Male,North,Former Smoker,Rarely,25.01,126.2,False,False,155.5,93.6,2025-05-10
b56e8933-1500-4c43-a6e4-282684522a4b,26-35,33,50,Female,East,Smoker,Never,20.07,119.5,False,False,149.3,100.0,2026-06-19
5128d8f0-7ee1-42e1-ab4b-3135befa35b5,46-60,58,59,Male,East,Former Smoker,Weekly,24.23,133.3,False,False,198.6,107.4,2025-07-08
3a329104-e186-40e5-8ace-535dc84caad5,18-25,21,73,Female,West,Former Smoker,Weekly,26.23,125.7,False,False,176.0,84.7,2025-10-01
a946873c-6b05-4d4d-983b-8108ed544804,60+,77,99,Female,South,Non-Smoker,Weekly,34.13,142.7,False,True,239.5,125.2,2025-06-13
096c1df4-7114-4e1e-a3ae-3edc3767a68c,60+,78,94,Female,West,Former Smoker,Rarely,35.4,165.4,False,False,223.6,120.4,2026-03-18
be421213-9208-4c38-a826-e722d8b98730,46-60,52,79,Male,East,Non-Smoker,Weekly,25.28,157.2,False,False,185.7,89.8,2026-07-13
1b78bcfb-5c51-426f-977b-1b79b4b80a08,46-60,58,54,Male,South,Former Smoker,Weekly,22.49,151.8,False,False,181.9,128.4,2026-04-11
df42007c-d5aa-4239-ad86-b05487e0dba0,26-35,26,80,Male,East,Smoker,Rarely,26.45,136.3,False,False,199.6,89.9,2026-01-12
c0f34f5d-fe03-479f-8379-e68a44308c0a,36-45,44,78,Female,West,Former Smoker,Weekly,22.33,134.5,False,False,193.7,82.5,2025-11-26
7fe8f5f6-3718-4915-bbbd-908f07c06dfa,26-35,28,61,Female,West,Smoker,Never,21.91,115.8,False,False,171.9,103.8,2026-04-19
e701f8f6-d670-48d1-9873-4b3ca1887362,36-45,42,60,Male,South,Former Smoker,Daily,25.27,141.1,False,False,159.7,91.9,2026-02-19
58bb644b-190e-41d0-a8b8-6bc777a90a53,46-60,51,61,Male,West,Non-Smoker,Weekly,25.56,129.8,False,False,158.1,95.9,2025-08-24
56791b8c-4744-4223-a659-b357a996ba4c,60+,66,77,Female,South,Non-Smoker,Daily,22.24,137.1,False,False,184.0,113.2,2025-08-17
be683a5a-8003-484d-aa5d-4bb28b6731ad,46-60,54,80,Female,West,Non-Smoker,Daily,26.45,144.1,False,False,251.4,98.1,2026-03-26
0a131642-8bd5-43b9-b0ff-f171a54e6231,60+,64,79,Male,North,Former Smoker,Weekly,29.66,158.8,False,True,184.7,113.9,2026-04-01
d567cacd-7658-4b90-86eb-282594468aae,46-60,53,76,Male,North,Former Smoker,Daily,27.48,142.4,False,False,215.3,120.0,2025-02-22
4671ac72-944c-4c35-9be4-440cc27164df,18-25,21,59,Female,North,Non-Smoker,Rarely,20.4,119.4,False,False,169.6,91.2,2026-03-18
72e19fe9-b545-4133-accc-d14f07323daa,60+,79,79,Female,West,Former Smoker,Weekly,34.17,155.7,False,False,241.2,130.1,2026-05-09
9e547282-2e1f-43e7-bd16-d55777783161,36-45,44,65,Female,West,Former Smoker,Weekly,24.6,138.3,False,False,216.9,99.4,2026-04-20
4e62ba14-0a07-456e-81a3-e2b404efc19c,26-35,35,55,Other,East,Former Smoker,Weekly,17.95,114.5,False,False,171.8,69.8,2025-02-24
f97049f8-6295-4d95-a4b7-1dae17912bc1,26-35,32,83,Female,West,Non-Smoker,Weekly,23.15,118.2,False,False,206.6,96.1,2026-03-02
f5d752a2-3690-4a4d-93bd-6281cce59325,46-60,59,86,Female,West,Former Smoker,Weekly,27.4,138.1,False,False,234.1,117.6,2025-12-09
c52326f4-4895-466d-9ccc-edc85bab4493,36-45,40,83,Female,North,Non-Smoker,Rarely,27.34,145.4,False,False,162.8,91.2,2026-08-28
0afa45bd-1f17-42da-89a5-4b18f0154bca,46-60,58,78,Male,North,Former Smoker,Daily,28.2,143.5,False,False,160.3,119.8,2025-12-14
89bec9a0-d4ce-4025-8b9a-80fe11b86702,46-60,59,87,Male,West,Former Smoker,Rarely,27.0,149.6,False,True,216.3,101.0,2025-03-06
845327fa-c3b8-4dfb-90de-1350b533f384,26-35,33,66,Male,West,Non-Smoker,Daily,27.56,148.6,False,False,190.8,86.9,2025-03-17
5e15e66b-5700-4681-bc5a-9dbb5874e854,18-25,21,69,Male,South,Non-Smoker,Rarely,22.94,129.7,False,False,188.8,87.9,2025-03-01
3c25dd2a-14df-41aa-913a-f76fb3651409,36-45,36,72,Male,North,Non-Smoker,Never,26.52,139.8,False,False,179.6,100.3,2025-08-05
b5280812-9072-4d6f-82a7-c2d3b68c5dda,46-60,53,61,Female,East,Former Smoker,Daily,23.06,127.5,False,False,194.2,81.8,2025-11-15
07a48bfa-bc51-4ac2-9eef-633c4766576a,36-45,40,58,Female,West,Non-Smoker,Daily,22.61,117.8,False,False,176.4,109.1,2025-02-09
f358a0ae-f159-4c5b-b501-40b924afb577,46-60,59,88,Female,West,Non-Smoker,Daily,27.48,139.5,False,False,181.9,92.8,2025-05-30
4e6ec2d6-2a27-453b-8778-9cead1f4c739,18-25,24,66,Male,East,Non-Smoker,Rarely,25.26,129.6,False,False,165.7,101.2,2025-01-12
f6bdfc41-93d9-4c6f-9a3c-bc47ae79a46a,36-45,43,60,Male,South,Smoker,Weekly,17.72,129.3,False,False,206.6,79.0,2026-08-07
c8a78eb6-7ee9-4be3-aadb-0a21132a57e7,60+,69,71,Male,North,Former Smoker,Daily,23.93,136.4,False,False,219.4,81.1,2025-03-21
d2aa4a41-288e-4794-af82-f788fdbfdfed,46-60,53,73,Other,East,Non-Smoker,Daily,23.48,152.6,False,False,182.8,114.2,2025-08-25
ffbb65a9-1be4-43e6-a930-bd98deb344e6,18-25,24,66,Male,West,Non-Smoker,Weekly,21.83,130.7,False,False,140.5,92.8,2026-08-11
6ca2ec3e-f73d-4d8c-af85-7f7f51edf12c,60+,69,57,Male,North,Non-Smoker,Rarely,20.02,128.7,False,False,190.7,100.5,2025-04-14
4d18c88e-8b84-4307-8cf9-1551be1734e8,26-35,26,81,Male,South,Non-Smoker,Rarely,27.28,135.5,False,False,120.0,115.3,2025-12-18
5e847be4-764a-443c-9dd5-3aac4bec2ca2,46-60,50,61,Female,South,Smoker,Weekly,22.02,130.5,False,False,201.1,98.8,2025-05-13
6b5d534a-581a-4823-89cd-5f28fd8a4473,60+,72,79,Female,East,Smoker,Weekly,27.01,157.7,False,False,218.1,111.4,2026-05-06
a4e8e760-9ac1-46d6-9dd6-69cdeb3d844a,26-35,31,70,Male,South,Former Smoker,Rarely,21.76,124.0,False,False,175.5,107.3,2025-08-08
4d24e847-02b0-4610-af2f-e9a4cfa0ddc0,36-45,42,42,Female,South,Smoker,Daily,17.88,128.9,False,False,168.8,106.9,2025-10-17
46d6c68c-bdca-4288-91bc-b6ffcae5fecd,26-35,34,84,Male,North,Former Smoker,Never,26.85,129.7,False,False,161.8,117.9,2026-01-02
20e280e3-7a45-4c73-aa2b-7b3201c87172,46-60,52,64,Female,South,Non-Smoker,Daily,22.72,140.7,False,False,180.1,109.7,2025-10-20
ec093164-86d2-4dcf-ab3b-b1da66a695fa,60+,75,46,Male,South,Former Smoker,Weekly,20.83,142.1,False,False,214.4,117.8,2025-03-22
d20cd561-184e-47cb-9685-051e0015d596,36-45,39,82,Male,West,Smoker,Weekly,30.8,161.4,False,False,226.9,138.6,2025-02-17
43242add-e4cd-4811-9a98-7913a48a5c27,60+,75,79,Male,North,Non-Smoker,Rarely,27.73,143.2,False,True,238.7,116.9,2026-06-03
85427d0f-c2b6-43f6-bc49-147bd86fe29f,26-35,34,82,Male,West,Smoker,Daily,24.45,112.1,False,False,221.9,106.2,2025-11-03
7725cf9c-5192-49e7-946b-6bc924a2dae6,18-25,22,56,Female,South,Smoker,Daily,16.91,115.7,False,False,148.4,68.4,2025-11-29
0569b0e8-5ee8-4c75-bb3f-941e82977432,46-60,50,84,Male,West,Non-Smoker,Never,31.03,141.8,False,False,205.5,115.4,2025-10-17
5a61e9f2-39a2-45ef-888b-337b7e73e3e9,46-60,46,56,Male,East,Smoker,Rarely,21.48,134.6,False,False,207.7,96.6,2025-07-30
e8a49044-2954-4b98-8627-4e1dbfb7ce3f,26-35,31,77,Male,South,Smoker,Daily,23.76,119.8,False,False,173.1,75.8,2026-01-15
7a5a8a32-899c-4a04-b905-188847611cdd,46-60,49,78,Male,East,Non-Smoker,Rarely,25.87,144.0,False,False,184.6,92.1,2025-03-29
dd7d3c88-102b-4b3c-a975-6c0c7ead4002,46-60,46,70,Female,East,Smoker,Weekly,25.96,129.1,False,False,182.0,113.0,2026-05-25
09d6ab33-98de-4029-8daa-156e7954dff7,60+,61,69,Female,North,Former Smoker,Rarely,27.51,140.8,False,False,203.9,119.9,2026-06-11
bde1ac73-69ce-42a4-b668-16c85ff77271,60+,71,66,Male,North,Former Smoker,Weekly,23.96,134.4,True,False,239.0,89.7,2025-10-06
fe28ffcf-4beb-40a8-a039-66c4a8c38242,60+,68,88,Female,West,Non-Smoker,Rarely,27.94,163.9,False,False,205.6,113.9,2025-03-01
11de807c-a680-4053-abdd-9b0edec3fb3e,60+,79,73,Female,West,Former Smoker,Daily,26.65,164.0,False,True,211.0,123.5,2025-02-19
9912fbc7-d9e1-4f26-95b0-f2c9cd262f6a,46-60,48,53,Female,East,Smoker,Daily,18.42,133.2,False,False,193.4,88.1,2025-12-24
faa80d98-cc52-4530-b45b-191e2c016d1a,18-25,18,73,Female,East,Former Smoker,Weekly,24.93,108.1,False,False,208.6,88.1,2025-10-26
f49488b6-6168-4dfe-8962-8ae6ac0a21e6,60+,67,76,Male,North,Smoker,Never,28.01,156.2,False,False,218.5,116.9,2026-08-07
3bbfbe2a-9c6e-4d54-ba72-97f39b5039e1,18-25,24,63,Male,East,Former Smoker,Daily,24.5,125.2,False,False,163.3,113.0,2025-12-27
36f4208c-c31c-4593-90ef-1988a1be539f,18-25,20,71,Male,East,Former Smoker,Never,22.7,112.5,False,False,159.0,125.0,2025-02-27
7acb8b86-a9fb-4820-ae05-8b4e9a43b0b2,36-45,38,63,Female,West,Non-Smoker,Weekly,26.33,148.1,False,False,210.3,114.4,2025-08-01
7e5b20a1-02be-4212-804c-b08abb1adfd5,46-60,50,86,Female,East,Non-Smoker,Rarely,28.65,130.8,False,False,203.9,118.8,2026-08-27
ac134ab9-2613-4c57-bdc0-ea8e51ec6488,46-60,56,74,Female,West,Former Smoker,Rarely,25.17,166.0,False,False,210.7,115.9,2026-07-28
4466956c-7146-458e-8d8b-add879985455,26-35,35,62,Male,East,Former Smoker,Rarely,21.89,125.2,False,False,226.5,97.8,2026-08-25
c21cd206-f41d-49ba-abdd-3f28f637fe5a,26-35,35,67,Female,West,Non-Smoker,Daily,21.19,127.7,False,False,143.0,79.6,2025-11-02
2e1446d7-e46e-4f4f-8162-bc3663a885d8,36-45,41,68,Male,North,Former Smoker,Daily,26.3,145.7,False,False,188.0,104.2,2025-02-03
87429e3e-2544-4403-bc5e-291392233968,60+,70,63,Male,West,Non-Smoker,Weekly,24.35,144.5,False,False,192.2,130.8,2025-10-23
3cc689d9-6968-4b29-a769-747bd2589f72,36-45,45,86,Female,West,Smoker,Rarely,26.27,146.0,False,False,214.6,106.8,2026-03-24
8458e7cd-21fc-448d-b07e-ee2d9d8cb3e0,36-45,41,60,Female,South,Non-Smoker,Daily,21.0,138.8,False,False,172.2,69.1,2025-08-11
22a5d8af-052a-4bca-b9de-f3241a1d53ca,36-45,37,58,Female,West,Non-Smoker,Rarely,23.74,113.1,False,False,159.0,100.1,2026-07-07
b7ae7a21-5f5d-45c8-b68a-db0c36be0f82,18-25,21,76,Male,West,Non-Smoker,Daily,22.95,103.6,False,False,139.0,82.0,2026-03-21
99056a43-5d7d-449d-9c94-73b4d3cb5672,26-35,29,42,Female,North,Smoker,Weekly,16.07,136.6,False,False,175.6,82.8,2025-05-09
62175228-993f-48bf-9b9f-484819a195a8,26-35,35,63,Female,North,Smoker,Weekly,22.24,136.2,False,False,147.6,101.4,2026-09-02
ab8d1f71-62a3-4375-bb69-4d00e5401f18,60+,75,77,Male,South,Non-Smoker,Daily,23.16,155.6,False,False,221.6,117.6,2025-05-29
216f0742-5e34-49f8-afea-0c4ec816b618,36-45,39,68,Male,West,Non-Smoker,Weekly,25.91,130.4,False,False,179.9,94.8,2026-06-02
b051e0d6-40b2-4de6-b955-b02ae72cc6b8,46-60,46,50,Male,East,Non-Smoker,Daily,22.66,119.0,False,False,183.9,85.6,2025-12-28
f73cac10-52a1-4abf-843c-599c23a88d86,18-25,23,42,Female,East,Smoker,Rarely,17.4,125.4,False,False,187.1,79.6,2025-07-21
9a98f047-2283-49f6-8c3d-8dc6545d3da0,60+,78,62,Female,West,Non-Smoker,Daily,20.69,152.6,False,True,202.9,118.3,2026-01-20
9ea7c281-6cae-4855-911d-c1f9dd2fd1d4,60+,68,69,Female,North,Non-Smoker,Never,25.12,160.4,False,False,206.4,119.5,2025-03-10
0af01753-66dd-402d-a1d6-7160affcc80c,60+,77,65,Male,East,Non-Smoker,Never,30.31,153.7,False,False,200.5,138.8,2025-11-16
4e4f1c7c-add5-4cd8-9f70-216d7e75b1c8,26-35,31,62,Female,West,Smoker,Rarely,24.48,129.3,False,False,185.9,101.9,2025-10-18
4202d569-5740-41a5-b0e2-7e195fe89457,46-60,55,64,Female,West,Non-Smoker,Weekly,23.79,139.0,False,False,164.3,111.0,2025-04-27
812222fc-e898-4d90-94d3-e6d69765bd9f,60+,75,61,Male,South,Non-Smoker,Rarely,21.56,170.1,False,False,208.7,124.1,2025-04-22
1c2f1717-19d0-4255-b28f-051f1cc1da76,26-35,30,64,Male,West,Former Smoker,Weekly,22.76,123.2,False,False,188.4,107.6,2025-12-17
8f6796d8-0a09-47b1-988a-f868c1578c34,26-35,31,60,Male,North,Former Smoker,Daily,23.1,108.9,False,False,184.5,90.4,2025-06-21
7666cf06-9acc-4f3a-95d0-fcef0229dfc7,60+,72,92,Female,West,Former Smoker,Weekly,24.7,145.1,False,False,206.7,125.0,2026-09-20
f361a11b-1e9d-4448-ad30-54d6c028cebd,60+,76,67,Male,East,Non-Smoker,Daily,26.85,141.9,False,False,238.0,150.3,2025-11-21
b8380971-3310-4c64-b837-c8e19c7b35ae,60+,74,73,Male,North,Non-Smoker,Rarely,25.08,146.7,False,False,183.2,103.6,2025-04-17
efbf71ab-e480-403a-b221-dfc9fc7c38e2,60+,65,54,Female,West,Non-Smoker,Weekly,20.59,123.4,False,False,222.3,93.7,2026-01-26
20d5e30d-d1f1-4dff-b19d-c9d434fdb239,60+,75,71,Male,South,Former Smoker,Rarely,23.73,154.0,False,False,251.9,114.4,2025-10-07
7a187251-1aee-4b50-a1f7-4ac173602009,18-25,18,78,Male,West,Non-Smoker,Daily,26.72,116.5,False,False,141.2,88.1,2026-08-30
8dfc4f50-c93d-4392-9aec-66a1d8a92302,18-25,25,70,Male,North,Former Smoker,Rarely,28.22,122.8,False,False,195.5,108.0,2025-04-07
1233fb77-5944-4288-8505-606b54a4706f,60+,75,73,Male,West,Former Smoker,Rarely,27.95,141.3,False,False,242.6,132.0,2025-11-25
dd569d07-e544-4151-9f44-ce96316bf27a,26-35,35,85,Male,East,Non-Smoker,Weekly,29.0,138.0,False,False,163.2,92.0,2026-07-24
61bccd6c-8d2d-4809-bac1-7d6a6e323616,60+,63,57,Female,East,Non-Smoker,Weekly,20.06,138.4,False,False,199.9,100.4,2025-10-19
45073eee-f86a-4598-8d10-c6fa988d1f1e,60+,70,53,Female,East,Former Smoker,Daily,20.71,139.6,False,False,206.5,91.7,2025-05-10
94dd4693-64cc-46fe-9e8d-0edad3ad678d,36-45,43,83,Male,East,Former Smoker,Never,32.11,151.1,False,False,248.7,119.5,2026-05-20
d6db7f29-e31b-4731-8dde-159d060272ce,26-35,26,61,Male,South,Non-Smoker,Daily,20.28,129.8,False,False,175.9,85.1,2025-08-10
4c7815ec-2fb7-4c93-bb3c-36bf78a99bde,26-35,29,67,Female,North,Smoker,Daily,23.7,111.3,False,False,156.1,83.6,2025-05-04
d4e94733-7cb3-4935-b58f-2f0af620af74,46-60,59,102,Male,West,Non-Smoker,Rarely,33.97,161.5,False,False,156.4,113.1,2026-04-07
34ebb905-dc14-45ca-a2c8-7ad86c10c7d0,60+,80,74,Male,North,Non-Smoker,Weekly,25.76,149.5,False,True,237.6,121.8,2025-10-04
012b751f-25b5-4a54-a75b-92e628d981f2,26-35,28,69,Female,North,Non-Smoker,Daily,22.03,132.3,False,False,175.3,88.8,2025-09-29
fc084fdf-c5d8-41aa-84d0-0c9ce0661784,46-60,56,77,Female,North,Former Smoker,Weekly,23.16,143.9,False,False,186.8,96.1,2025-02-27
7d5b23ad-0b90-4d35-91ee-46f9b1fc8a5c,60+,70,57,Male,East,Smoker,Daily,20.94,150.7,False,False,203.4,100.3,2025-02-13
1b09e42b-d85e-4451-87be-711d4339df44,26-35,31,84,Female,North,Smoker,Rarely,26.54,138.9,False,False,216.9,114.5,2026-03-22
de04470f-48c1-4f13-a444-1f37820fb44d,26-35,29,54,Male,East,Non-Smoker,Rarely,16.0,123.0,False,False,207.9,72.7,2025-08-08
b1ac975b-dd06-4262-be17-90a66b6cc4d4,60+,77,76,Female,East,Smoker,Daily,25.44,158.5,False,False,229.9,114.0,2026-04-21
1e84c052-4a34-4d97-8fc9-7b17a1d280b4,60+,80,64,Male,East,Non-Smoker,Weekly,25.84,152.9,False,False,209.7,111.3,2025-06-16
14e27eee-7fe3-426a-bb2b-95b9d063eab9,18-25,18,68,Male,West,Non-Smoker,Daily,22.53,111.7,False,False,149.2,95.6,2026-04-23
23c90082-4d06-4842-8cbd-5df8175838d8,60+,71,82,Male,North,Former Smoker,Weekly,26.19,146.3,False,False,201.0,116.5,2026-02-24
313bd2dc-9000-4f2f-a7a0-f8b8ec63f104,60+,70,76,Female,West,Non-Smoker,Weekly,27.87,162.2,False,True,206.0,121.7,2025-05-01
77dfa5a1-15d9-409b-b103-85ce2f98c0a3,18-25,24,59,Male,North,Smoker,Weekly,22.31,114.9,False,False,161.9,123.3,2025-04-02
f3d65965-6f9f-49f4-a713-4be9d5c915b4,60+,64,70,Female,North,Smoker,Never,29.51,176.4,False,False,195.7,109.1,2026-02-22
2c8add0b-7e6d-4431-a300-cb394b35ac00,60+,62,73,Female,West,Non-Smoker,Rarely,26.79,149.8,False,False,200.1,108.8,2025-05-28
158492f1-8bab-4823-97ba-23d0b5ee9611,60+,65,67,Female,East,Former Smoker,Rarely,26.74,134.1,False,False,241.5,75.9,2025-04-11
b38b20d5-089b-4ae3-aafe-7d4a232ad9e3,26-35,26,63,Male,East,Non-Smoker,Weekly,24.85,128.5,False,True,184.2,89.7,2025-02-18
e8cd872e-e8b2-4a3a-b484-796c5f7371ea,26-35,34,70,Female,North,Smoker,Daily,23.86,139.1,False,False,219.0,87.6,2025-02-12
cf9a99f2-25cc-439b-ad37-b5bad8d5ed6e,36-45,38,54,Male,West,Smoker,Daily,18.52,114.5,False,False,182.0,115.1,2026-07-09
f9c90ccb-7908-4a16-99bd-00b742af6041,60+,72,74,Female,West,Non-Smoker,Daily,30.16,138.5,False,True,203.2,111.1,2025-02-10
b3161ed4-1c57-4784-aaa9-bb6565b103d8,60+,68,79,Male,South,Non-Smoker,Daily,26.62,153.6,False,False,190.3,121.1,2026-08-17
cb54c8d5-6f69-4ca9-ac44-d2cd0f979c15,36-45,36,86,Male,West,Non-Smoker,Rarely,28.32,120.2,False,False,195.2,128.0,2025-01-18
f870a07d-69d5-4bc1-b4c5-253e1d168357,26-35,29,64,Male,East,Former Smoker,Never,27.19,135.5,False,False,175.6,96.0,2025-01-19
247cfb30-9719-4fdd-8c3d-6b89aeace81f,60+,80,68,Female,East,Non-Smoker,Weekly,22.94,147.8,False,True,197.0,88.1,2025-06-08
2f5585d2-b820-4a4d-a016-758de4bab8f6,60+,61,90,Female,South,Former Smoker,Rarely,31.22,159.0,False,False,217.7,138.0,2025-04-25
45870a83-f42c-49fa-9ee8-3d241eb3d284,60+,77,74,Male,South,Former Smoker,Rarely,26.18,149.9,False,False,195.7,119.8,2025-10-02
a40e0403-59c1-4cf5-a590-9bd413befaa5,60+,68,63,Female,North,Smoker,Daily,23.7,125.7,False,False,233.6,101.1,2025-03-08
0aaf08ab-2135-4a36-b123-ee52fd6a154d,26-35,33,80,Male,East,Non-Smoker,Weekly,25.74,123.8,False,False,173.3,99.8,2026-03-05
df0ed384-585a-4c24-b7af-3ffc679af4dd,60+,76,63,Female,East,Non-Smoker,Weekly,21.09,145.7,False,False,210.1,95.2,2026-03-29
161e0892-2e42-4bbb-ba17-6a96d94bd043,18-25,19,80,Male,East,Former Smoker,Never,26.64,127.1,False,False,186.4,108.3,2026-06-16
eaa47e62-6b59-4d35-abe4-58fdefc82abc,46-60,59,76,Female,North,Non-Smoker,Daily,28.82,121.7,False,False,173.5,130.6,2025-11-16
50021aa7-9e57-4ece-afa9-221d5ef33cc2,60+,66,84,Male,West,Non-Smoker,Daily,27.81,149.6,False,True,195.4,116.8,2026-06-14
29d657b6-df52-4ad8-b560-49fff6ca2d05,36-45,45,76,Male,West,Non-Smoker,Weekly,26.75,138.6,False,False,180.2,104.1,2026-04-23
49c284e2-7262-4826-a402-d84dfe1511cf,60+,64,69,Male,East,Smoker,Weekly,26.69,166.4,False,False,208.6,105.8,2025-07-23
406e3574-ca27-4875-b446-e03f88f15b83,18-25,21,57,Female,North,Non-Smoker,Daily,25.16,125.4,False,False,178.8,108.0,2025-04-30
d6129674-ce43-4c04-9406-92567d530d06,36-45,39,65,Female,West,Former Smoker,Weekly,27.94,155.7,False,False,199.2,93.0,2025-12-07
ddd0efb6-8c03-4f2a-b1cd-3428a4edeb07,18-25,21,51,Male,East,Non-Smoker,Weekly,18.81,99.0,False,False,164.6,65.0,2025-06-12
cc2a8ca8-561f-44f2-b017-49ea408f0b9e,46-60,56,73,Female,East,Former Smoker,Never,27.7,131.0,False,False,190.2,140.7,2025-09-14
ce6d09dc-9208-498e-9b98-d644483f4212,46-60,48,69,Female,West,Non-Smoker,Rarely,24.2,140.4,False,False,197.7,94.3,2026-08-12
20ff5960-a615-4672-980a-6f0f04ad7d7c,60+,69,76,Other,North,Non-Smoker,Weekly,26.3,155.4,False,False,179.6,124.8,2025-12-18
a8b8aec7-c077-422d-8a29-f5fc638c9a10,60+,63,58,Female,South,Non-Smoker,Rarely,24.4,129.7,False,False,211.6,93.1,2026-03-26
e8f352df-6142-4d96-8bd6-7b68428082af,46-60,48,77,Male,East,Non-Smoker,Daily,25.37,136.2,False,False,187.8,118.2,2026-02-24
e65ef887-48ca-4e92-b4a3-8d874b592fb4,36-45,42,71,Male,North,Smoker,Never,25.98,140.7,False,False,200.5,102.2,2025-06-16
aa95f055-99d5-480d-aba1-c687386b2bfa,26-35,29,46,Male,South,Former Smoker,Daily,17.25,104.6,False,False,125.6,80.7,2025-05-14
64a37d66-3ade-4e0b-b4f9-448c91911e32,60+,68,67,Male,South,Non-Smoker,Weekly,26.88,139.3,False,False,216.7,110.8,2026-05-23
9d5fd057-e871-41f2-bcde-4ccf0c085211,46-60,60,88,Male,West,Non-Smoker,Daily,27.18,130.6,False,False,205.7,142.2,2025-02-12
d0509f5b-18c6-4723-b5ed-0c7d4a0767a4,36-45,44,61,Female,West,Non-Smoker,Daily,23.1,149.3,False,False,180.4,80.9,2026-05-02
2865e2e8-38ce-403b-9066-816ad25d7eb6,60+,70,87,Female,South,Non-Smoker,Daily,28.63,152.6,False,False,194.6,124.4,2025-06-21
deb15118-1f4b-4cb5-bb24-baca3dd3dab8,60+,62,75,Female,East,Smoker,Rarely,24.12,143.8,False,False,189.1,101.0,2025-03-24
4d0ccee1-b9fe-4248-9d44-b489bd9c0a42,60+,63,69,Female,South,Smoker,Daily,24.27,148.7,False,False,190.2,111.6,2026-01-22
19e83088-835e-4ce7-8aa2-0e0862ca220a,60+,71,80,Female,West,Former Smoker,Never,30.4,167.1,False,True,177.4,131.8,2026-09-02
6873f59b-4a54-4326-9f91-2dd9460134a7,60+,72,90,Male,North,Non-Smoker,Weekly,26.34,152.8,False,False,205.5,115.5,2025-12-23
0383f235-70d6-4387-98f1-c12130d9a947,26-35,35,65,Female,North,Former Smoker,Rarely,28.21,127.1,False,True,194.7,90.6,2025-04-27
fe12b489-5c6f-44f2-9ef4-f3c193a7154e,36-45,44,49,Female,East,Non-Smoker,Rarely,19.94,124.9,False,False,185.1,111.8,2026-06-22
62e12a5d-cc5e-4c83-a4b4-534db4d5711c,18-25,18,76,Male,South,Former Smoker,Daily,22.05,111.4,False,False,136.5,82.4,2026-05-18
831083c9-ad7b-47da-b959-319da526e758,60+,66,67,Male,South,Non-Smoker,Rarely,23.38,136.5,False,False,171.4,108.0,2026-07-27
aaa7b593-6fc6-4d17-8e3e-d318b041c5a7,26-35,34,64,Female,South,Non-Smoker,Weekly,20.51,120.2,False,False,171.8,83.3,2026-06-27
a322dcb4-c54d-4d06-aab7-3e9b2f97f2a4,60+,61,70,Male,West,Non-Smoker,Weekly,23.92,133.0,False,False,184.3,102.2,2025-04-12
3c1e2ff8-4a8a-4c06-9f3e-49a4ca7fedaf,60+,70,53,Male,West,Non-Smoker,Weekly,18.52,134.2,False,False,177.9,91.4,2026-09-20
015b549b-8f8a-4cdf-a7ba-8f6635f76eda,46-60,54,69,Female,East,Non-Smoker,Daily,24.74,139.2,False,False,197.8,76.4,2025-08-29
879c3de9-851b-439e-950f-f317eb4ef619,60+,63,106,Female,East,Former Smoker,Rarely,34.8,152.1,False,False,198.4,109.3,2025-06-26
f5bca440-5abb-4574-b3b6-b78d83be7e9a,46-60,58,50,Male,South,Smoker,Rarely,19.27,121.7,False,True,167.2,113.5,2025-12-29
e68b6435-dde2-4d8c-bfc3-34663daff2c5,26-35,28,83,Other,East,Non-Smoker,Never,26.82,132.2,False,False,182.4,115.0,2025-12-07
b3b4d9fa-455c-417f-86d3-a59c4150afd3,60+,66,80,Female,West,Former Smoker,Never,29.34,144.9,False,False,248.3,130.1,2025-04-18
42a717ce-5184-4119-a823-7944613fdea2,36-45,43,74,Male,East,Former Smoker,Rarely,26.81,136.7,False,False,160.0,113.6,2026-05-25
ead0c33f-98bf-43fc-b1a7-526e34119ef7,60+,67,80,Male,West,Non-Smoker,Rarely,31.11,148.9,False,True,226.6,114.4,2026-06-20
2c01053b-10a5-48a3-8395-4e4b7619e0d7,60+,68,55,Male,North,Non-Smoker,Daily,22.67,141.8,False,False,193.8,115.5,2026-07-29
53e9dfd6-dfa8-4428-b149-cc402319bf66,60+,65,57,Female,South,Non-Smoker,Rarely,22.04,132.3,False,False,187.7,112.7,2025-03-19
b69279f6-9c45-4d1b-99fa-2dbac1a20d18,18-25,20,76,Male,East,Non-Smoker,Never,22.81,123.5,False,False,168.0,88.4,2026-02-22
fd6d1c27-cb8e-4110-b5c0-55e1e73d0fbb,60+,61,59,Male,North,Non-Smoker,Rarely,23.02,140.0,False,False,185.4,110.7,2025-04-08
0e1fce21-2139-4fb1-907f-2ac415d26c7a,26-35,28,68,Female,South,Non-Smoker,Daily,21.61,130.2,False,False,163.2,113.4,2026-02-15
ff3337f8-723e-40cd-bf29-5db0e08b94a5,60+,77,72,Male,South,Non-Smoker,Weekly,26.6,159.1,False,False,221.8,98.4,2026-03-16
debacb38-fcfc-4862-9960-593e3fab3ea8,46-60,55,80,Male,East,Former Smoker,Daily,26.86,141.3,False,False,169.6,121.7,2025-12-24
d7404ae9-8436-4973-804f-92e40ba78fed,46-60,57,60,Male,South,Former Smoker,Daily,23.18,127.0,False,False,198.0,100.8,2026-01-30
d8fc0198-e6fe-49a8-a588-98d2b8347717,18-25,24,75,Female,North,Non-Smoker,Weekly,28.22,131.7,False,False,204.3,114.0,2025-05-19
887ba1f5-0453-403f-8960-f2bb6a60c785,36-45,43,58,Female,West,Smoker,Daily,22.41,132.5,False,False,188.0,84.2,2025-09-18
95c67144-211b-412f-a88c-83355e8f4766,60+,71,64,Male,North,Non-Smoker,Weekly,24.08,159.6,False,False,195.5,103.6,2026-08-26
17517cf3-e547-4c4c-80eb-3f6baf3521b7,60+,72,88,Female,West,Smoker,Weekly,25.81,154.1,False,False,222.4,124.1,2025-06-08
3ad6572c-8bbe-42a1-9526-80e41508e9ce,26-35,29,63,Male,North,Smoker,Daily,23.7,133.8,False,False,195.3,96.7,2025-08-15
f8606e92-2e33-432f-a1de-a234a881ff7a,36-45,42,80,Female,South,Former Smoker,Rarely,28.29,137.1,False,False,232.1,86.9,2026-05-27
3aa019a9-0dd0-4807-b3f5-96658d971501,36-45,42,52,Female,North,Smoker,Daily,20.65,133.1,False,False,211.4,105.8,2026-06-24
06edb5b2-0e9e-4d72-ae34-0069ef2e0cdb,60+,76,76,Male,South,Non-Smoker,Weekly,28.0,167.6,False,True,227.1,122.0,2025-04-07
9d4613a9-1af5-4961-b0ed-3b189cba40fa,60+,74,96,Female,South,Non-Smoker,Rarely,32.61,180.5,False,True,253.5,122.6,2025-03-05
244977fc-5668-458a-9d79-8bddea162fc3,36-45,41,73,Female,North,Non-Smoker,Never,28.26,126.2,False,False,171.2,96.3,2025-11-08
8414c9f0-449f-495c-80f5-52a4a7d1c75f,46-60,49,65,Female,North,Non-Smoker,Daily,23.39,129.1,False,False,177.0,75.7,2026-07-31
00345e08-2f4b-4b19-86b8-f826a815523e,26-35,29,53,Male,East,Non-Smoker,Rarely,22.87,103.1,False,False,154.8,87.0,2026-09-06
a3f0753e-eb56-45ca-9e03-e9d3deae3e00,60+,79,79,Male,West,Smoker,Weekly,28.25,167.9,True,False,251.5,110.8,2025-08-20
150b37bc-fc6d-4893-aff5-b7e8f6e217d0,60+,76,64,Female,West,Non-Smoker,Weekly,24.07,162.2,False,True,195.2,123.9,2026-04-22
0f026591-76a0-4a11-977a-902e22e24fe9,18-25,24,69,Female,East,Non-Smoker,Daily,27.58,136.1,False,False,175.5,99.1,2026-07-31
35076751-f6fc-4cdb-85e0-203d67b63fff,18-25,25,69,Male,North,Non-Smoker,Weekly,21.73,124.9,False,False,163.1,83.1,2026-09-29
9d76c68a-d6eb-4cb0-afb2-5f25d2cb7617,46-60,46,59,Female,West,Non-Smoker,Rarely,21.56,131.9,False,False,155.0,123.2,2026-01-06
2234cbfd-964d-4258-858e-9eb088b276aa,46-60,60,60,Female,East,Non-Smoker,Rarely,20.54,151.6,False,False,190.7,98.4,2026-01-01
9bf25732-35f7-44dd-acf5-85544976c41b,26-35,35,67,Male,North,Non-Smoker,Daily,26.49,123.1,False,False,200.9,96.6,2026-03-03
32ca9af7-92d8-45c6-950f-82e05fa38ef0,46-60,48,63,Male,South,Non-Smoker,Never,24.8,143.1,False,False,222.8,102.9,2026-05-24
10793f7d-0d53-40da-a13a-0232b8be3835,36-45,41,69,Male,West,Non-Smoker,Weekly,23.84,127.7,False,True,165.0,115.5,2025-06-15
4426a536-503a-4683-b1f6-95ff72bc60d8,36-45,38,66,Male,South,Former Smoker,Weekly,25.17,132.2,False,False,184.8,86.5,2026-01-18
a1b3c68a-8d95-46b5-b4ab-e87cbcb5eaff,36-45,36,54,Female,East,Non-Smoker,Weekly,21.69,110.4,False,False,151.0,94.1,2026-09-26
29c1e811-871d-4f48-bf39-74c51325841b,36-45,44,99,Male,South,Smoker,Never,31.67,165.5,False,False,241.7,120.5,2025-10-22
0252c1c8-28e5-48bd-acfc-35c0b911d38e,36-45,40,65,Female,East,Non-Smoker,Rarely,25.69,118.6,False,False,170.8,88.6,2025-11-28
6a116a6e-f4fc-46ff-9b77-3d15b1414136,60+,70,57,Male,West,Smoker,Weekly,19.59,123.7,False,False,220.0,86.8,2026-04-20
0d9aad0a-f77d-4fe1-a578-10dea2450bf4,60+,64,57,Female,North,Former Smoker,Rarely,22.06,159.1,False,False,189.5,116.5,2026-02-19
5d95c27a-bb27-4221-888c-1c49c38234eb,26-35,30,62,Male,North,Smoker,Daily,24.48,139.6,False,False,192.9,76.8,2026-09-27
5c5d41bc-1e1f-482d-a27d-8cc2da173cce,26-35,27,82,Female,West,Non-Smoker,Rarely,26.52,124.6,False,False,141.2,113.6,2026-01-18
fa2f7297-6012-426b-ae73-e9592f361a9d,36-45,42,87,Female,East,Non-Smoker,Never,30.57,136.5,False,False,215.1,121.6,2025-12-15
81fc838e-fd47-44f3-b442-28318b0af7c0,26-35,33,56,Female,East,Non-Smoker,Daily,20.98,114.4,False,False,188.0,90.0,2026-03-27
22556bfc-b664-42e5-9252-e3f81920711a,46-60,47,56,Male,North,Non-Smoker,Weekly,23.18,134.8,False,False,139.9,87.1,2026-08-16
548d9123-0ec5-4aa5-82b5-3eca7e1ec9fb,46-60,51,78,Female,East,Non-Smoker,Daily,29.5,151.4,False,True,209.6,130.2,2026-07-19
6a235e72-0a90-4c74-ae89-4c0025b427e7,36-45,40,71,Female,East,Non-Smoker,Weekly,26.47,138.2,False,False,151.2,78.6,2026-05-25
ed1ab1f6-ee0d-4d25-8e15-fbdddf2739cb,26-35,31,75,Female,North,Non-Smoker,Never,26.33,120.0,False,False,141.6,97.0,2026-07-10
a6f6ce20-8d3f-42a3-a944-6698a072545f,60+,64,69,Female,South,Non-Smoker,Rarely,25.29,141.5,False,False,171.5,118.7,2026-07-04
d5ae7177-a7c8-49ff-820b-18357fd42dd9,18-25,22,51,Male,South,Non-Smoker,Weekly,21.88,112.5,False,False,168.1,114.5,2026-03-29
c9494617-9142-4ac1-a2e5-767deb7cbb9b,26-35,30,75,Male,North,Non-Smoker,Rarely,24.08,138.9,False,False,173.0,99.4,2026-01-21
da5cbdbc-46ce-4266-a773-08beb1985824,46-60,49,80,Female,South,Smoker,Rarely,25.02,138.4,False,False,209.1,107.2,2025-02-23
18ab3933-ab3a-4f7e-aa40-e4eb659f63f4,60+,69,82,Male,North,Non-Smoker,Weekly,26.89,137.4,True,True,242.6,117.7,2026-09-15
f137d1c8-9e55-4237-9b7c-2e87da9c3e56,26-35,28,80,Female,South,Former Smoker,Rarely,24.68,117.7,False,False,203.5,102.9,2026-01-05
645a88ca-0c56-489f-be0f-0d397258bf59,60+,78,71,Female,South,Non-Smoker,Weekly,20.91,170.7,False,False,178.3,109.3,2025-05-04
90f53d60-529d-46ca-a635-4b087e1acfb8,36-45,42,61,Female,South,Non-Smoker,Rarely,23.77,121.1,False,False,131.9,108.8,2025-04-17
e401d799-6241-4f26-b845-d2b53ed64020,60+,71,81,Female,East,Non-Smoker,Never,33.55,157.7,False,True,210.3,123.0,2026-04-13
42da6d62-2637-4aa4-b04f-3468173d0901,26-35,34,47,Female,East,Non-Smoker,Weekly,21.51,133.3,False,False,170.8,111.1,2025-12-17
2c7b77ef-6f2d-44cb-a750-71cfefba38d2,60+,80,96,Female,East,Non-Smoker,Weekly,30.46,153.2,False,False,204.0,142.0,2025-04-28
3647773e-4927-4482-bec1-0e7b3d138384,36-45,44,70,Male,East,Non-Smoker,Rarely,24.31,119.4,False,False,177.5,93.1,2026-07-18
444bac0b-0549-482c-b589-c754299dded8,26-35,31,67,Male,North,Former Smoker,Weekly,23.61,125.5,False,False,131.7,95.6,2025-11-11
26193bd9-9cbe-404f-819d-5c7866b4106d,46-60,46,61,Male,South,Non-Smoker,Weekly,22.4,131.6,False,False,205.7,79.2,2026-03-01
c54a99c4-23a3-411a-87db-24d3adc13d96,46-60,49,77,Male,West,Former Smoker,Daily,26.27,133.8,False,False,159.4,117.0,2025-02-25
96611fdf-59b2-428e-85ee-81da3892928a,36-45,40,57,Male,South,Former Smoker,Rarely,23.41,139.9,False,False,163.4,92.0,2025-10-26
47c4d34a-89ff-4d5a-b2d4-a8ead6a890ea,46-60,53,53,Female,West,Non-Smoker,Daily,20.3,134.6,False,False,166.1,96.9,2026-04-15
76260d24-545e-4f7b-b107-41d3e4eb385c,60+,76,82,Female,North,Smoker,Daily,26.6,186.4,False,True,232.3,114.1,2025-07-17
60e9afa9-319f-43ca-b0bf-e6ebab69ca8d,36-45,40,57,Male,North,Non-Smoker,Rarely,21.03,125.2,False,False,155.7,88.2,2025-02-24
a173faa1-912e-43ff-82a4-eaf93001fef2,26-35,27,59,Female,West,Non-Smoker,Rarely,24.77,123.5,False,False,128.1,96.6,2025-08-31
c772e55b-45f8-49bc-bbf2-e4e9d3c58a94,60+,69,60,Male,North,Non-Smoker,Weekly,21.06,158.3,False,False,193.5,109.8,2026-04-17
d2b7c470-b87e-4adf-9c59-6f19ce0f9fd3,26-35,31,78,Female,West,Non-Smoker,Rarely,27.14,132.5,False,False,199.7,87.1,2026-09-16
9340c7cf-a95b-4bea-a7f7-211a53f40b2d,36-45,38,73,Male,North,Former Smoker,Rarely,22.99,123.6,False,False,216.0,112.1,2026-05-12
ba2317c6-1a87-4916-95dd-4b2b35cdeaea,18-25,19,45,Male,West,Smoker,Daily,18.48,126.9,False,False,218.0,79.2,2026-07-10
7cb2d325-d2a2-4d8a-84c0-bb344d397e3a,46-60,47,66,Female,East,Former Smoker,Rarely,26.26,154.7,False,False,176.2,93.4,2025-09-24
44b8ad91-10f6-48e0-8d78-a38a5a8b3d1c,36-45,39,69,Male,East,Non-Smoker,Never,25.9,129.0,False,False,215.1,101.4,2026-04-04
f473881e-08f8-4025-8af6-878ba51720d7,26-35,28,54,Female,South,Non-Smoker,Rarely,22.14,130.3,False,False,188.7,101.1,2025-12-07
edc09447-f48d-4aca-9914-b64300833da7,36-45,43,68,Male,North,Smoker,Weekly,25.35,128.8,False,False,212.5,83.3,2026-03-24
0a4e9617-06dc-443c-97ee-f46a321d7a65,18-25,18,76,Female,South,Non-Smoker,Weekly,26.67,107.0,False,False,130.7,85.2,2026-07-13
dab0a860-f457-49b8-91f8-cdbe5bd5cb3f,60+,62,67,Female,South,Former Smoker,Daily,22.25,135.2,False,False,215.5,99.0,2026-03-01
be87b6fe-f1a2-4871-93d7-d7359f3047c3,60+,73,61,Female,West,Non-Smoker,Weekly,21.72,146.1,False,False,203.8,127.8,2026-06-26
d85a7c80-f270-497d-8c88-2ac80bdc0aec,36-45,42,65,Female,South,Smoker,Daily,21.17,134.7,False,False,213.2,83.1,2025-04-06
9bb4736f-90a5-4bbc-84e4-2e03d8aa2763,36-45,45,46,Male,West,Non-Smoker,Weekly,16.0,128.3,False,False,166.1,93.8,2025-05-14
c3f075aa-e707-4a7b-a200-6c062c230930,36-45,44,86,Male,West,Non-Smoker,Rarely,23.71,124.6,False,False,181.7,110.3,2026-01-29
f9180b5a-793e-466f-93fe-9c2b9e987498,36-45,37,70,Female,West,Non-Smoker,Rarely,24.55,140.7,False,False,179.6,79.3,2025-07-13
56542d3b-4163-48fe-9950-ee9399ec6cda,46-60,48,70,Female,East,Non-Smoker,Daily,26.1,141.2,False,False,189.4,107.7,2026-09-06
3bd073d2-ca27-4e58-a905-27a33bb33657,36-45,36,42,Female,East,Non-Smoker,Rarely,17.61,127.1,False,False,192.5,69.6,2025-06-17
55402d28-d396-4590-8f35-3ea30c6cd987,46-60,46,63,Female,North,Non-Smoker,Rarely,26.85,145.5,False,False,211.8,102.3,2026-02-19
bd626e85-13aa-4be1-bb21-c0caafb75bc0,46-60,51,63,Female,South,Non-Smoker,Daily,24.25,143.6,False,False,150.4,123.8,2025-12-07
5e97a891-5915-48b0-acb1-96132b6967dc,60+,70,61,Male,North,Smoker,Weekly,24.79,140.3,False,False,211.6,135.9,2025-11-14
b901c49f-ffda-4486-8597-91bd2609f133,46-60,50,72,Female,West,Non-Smoker,Rarely,21.82,169.9,False,False,186.3,97.4,2025-03-12
bb6d8a30-f244-4a2d-a331-b5f01d962b0a,18-25,19,61,Male,East,Non-Smoker,Daily,20.29,113.7,False,False,174.1,100.6,2025-02-20
44f29a0c-ace6-4adb-b836-7055a2f291fc,60+,61,87,Male,South,Non-Smoker,Rarely,29.99,157.0,True,False,203.3,125.0,2025-11-21
cd0c3cbb-da81-4f4a-949a-c639797ef73f,60+,71,83,Male,South,Non-Smoker,Daily,27.44,158.8,False,False,209.6,124.7,2025-01-26
54a97aa7-a8a8-434d-b107-0255fdb340e5,46-60,54,76,Female,West,Non-Smoker,Rarely,27.42,146.1,False,False,199.7,127.9,2026-06-07
8fed0ccd-752d-4160-b01b-80281223eb97,18-25,25,57,Female,West,Non-Smoker,Daily,21.42,118.2,False,False,182.9,86.6,2025-06-23
fee0ccd5-cec7-450b-bbbe-d86d1f71a332,60+,68,58,Female,West,Smoker,Weekly,24.13,146.6,False,False,172.0,106.8,2026-08-21
f205f0f4-df13-48e3-9ad0-e7967c04cc39,36-45,37,40,Female,North,Smoker,Weekly,16.99,116.3,False,False,174.6,110.7,2025-03-28
275136df-2716-4551-9769-c34074abc1de,46-60,60,80,Female,West,Former Smoker,Weekly,28.0,144.3,False,False,162.2,110.9,2026-05-18
6dd1ca61-ec47-49b2-a300-c88fa9055a64,36-45,39,92,Female,South,Smoker,Daily,25.8,122.8,False,False,205.5,102.8,2026-01-08
20ae7c95-030a-4878-91a3-6cc6986d39c2,60+,80,84,Male,North,Non-Smoker,Weekly,26.86,148.5,False,True,216.3,111.6,2025-05-14
21068f13-5eef-4c51-95af-d5c3cbdc19cf,26-35,29,66,Male,East,Smoker,Never,24.87,137.0,False,False,207.7,106.3,2025-12-16
fddca583-f19b-49e0-a1b3-cbc7cd321e16,26-35,33,55,Female,West,Smoker,Daily,20.83,135.0,False,False,178.8,103.1,2026-01-15
0b954db8-7045-42d9-8d22-96f1a8c5a39c,60+,70,80,Female,South,Non-Smoker,Rarely,30.24,175.2,False,False,210.6,119.1,2025-07-17
ac07c4b0-1878-4019-80d1-94170e2c84d6,26-35,32,68,Male,South,Non-Smoker,Never,21.89,143.7,False,False,156.8,139.5,2026-03-26
11607ab7-bf88-4d34-9219-96edf9ae560d,46-60,47,43,Female,East,Non-Smoker,Weekly,17.72,125.0,False,False,206.4,86.5,2026-08-04
6055bf30-1810-4b74-afd8-ed592fcc4e1a,46-60,47,60,Male,South,Smoker,Weekly,20.6,133.2,False,False,146.2,115.2,2026-01-04
5e29d2f3-09f8-4ebe-ac8e-594a5824b04d,18-25,24,77,Female,South,Smoker,Weekly,26.99,135.8,False,False,203.0,97.4,2026-01-22
cc3457b5-3863-4b42-8bfb-76e518afdf10,18-25,19,76,Male,South,Former Smoker,Rarely,28.2,140.0,False,False,180.6,96.5,2026-02-05
f2613635-ab89-405f-a8b6-ae2ecc9d3c0b,60+,64,66,Female,West,Non-Smoker,Rarely,21.16,140.1,False,False,184.8,128.3,2026-01-16
72993968-ff5f-4f94-99f2-b0001f8d5616,46-60,60,58,Female,East,Non-Smoker,Daily,21.49,136.3,False,False,172.9,88.2,2026-04-08
bd22b4f9-4fc6-48d7-b13f-35e06d009620,26-35,34,49,Male,East,Smoker,Daily,19.5,136.8,False,False,186.4,113.8,2025-04-24
92b533b8-9302-4f88-ac55-6e1761057972,60+,66,64,Female,South,Former Smoker,Rarely,22.43,147.4,False,False,204.4,92.7,2026-06-03
e297ec57-6d9a-48a2-90f0-b5a028a8f62a,60+,77,55,Male,South,Non-Smoker,Weekly,21.69,132.0,False,False,167.7,96.5,2025-06-09
57f1ca64-ca1f-4aa7-bbce-8c3cb9e6361e,18-25,24,75,Female,East,Smoker,Weekly,25.74,127.3,False,False,177.1,133.6,2026-04-19
a52489ba-94cc-44d1-989b-3079800b951e,60+,68,65,Male,South,Non-Smoker,Rarely,26.85,145.0,False,False,206.2,136.0,2025-01-25
8052989c-ece9-4982-81a5-a11d40ac64d8,60+,74,92,Male,West,Non-Smoker,Daily,31.84,167.9,False,False,242.3,125.6,2025-05-23
4eea0352-5d93-4253-acc3-67546e006963,18-25,23,71,Male,West,Non-Smoker,Rarely,25.54,127.2,False,False,168.8,71.5,2026-04-14
c22798ff-0912-41b8-85d5-e5ac16721e0d,46-60,60,88,Female,East,Non-Smoker,Weekly,23.14,143.4,False,False,182.9,130.6,2025-02-28
86179e8b-e697-4e76-84d5-d9e84ad904b1,46-60,59,61,Female,East,Former Smoker,Weekly,22.94,144.0,False,False,205.2,79.8,2026-03-09
3f390f2b-ad75-4a4e-8fc0-3cd57385d289,18-25,23,73,Male,South,Non-Smoker,Never,26.68,127.5,False,False,187.2,90.7,2026-08-12
a0db4ab4-b780-4c7b-a4bb-f7239cc45bbd,36-45,39,64,Male,West,Non-Smoker,Weekly,25.1,143.1,False,False,169.7,86.2,2025-03-16
d54cdc79-7776-4e24-9de1-b42ba9da3964,60+,77,64,Male,East,Non-Smoker,Weekly,26.06,161.6,False,False,226.5,135.2,2025-08-10
57f8b3d3-0e01-4add-a9e5-a6d8860b616c,18-25,20,62,Male,South,Former Smoker,Weekly,21.99,124.2,False,False,192.2,88.7,2026-07-12
74261979-d35a-42d8-b3fd-ba32d7c74f32,60+,72,48,Female,South,Non-Smoker,Weekly,17.34,137.4,False,False,122.7,114.0,2026-07-26
6fc865e6-6e4a-4683-b980-4fa4da8b6e18,26-35,28,46,Male,East,Non-Smoker,Daily,16.18,127.0,False,False,168.0,70.0,2025-11-02
7f1ff54d-ea15-4f70-bf21-8374542eef93,46-60,46,66,Female,North,Former Smoker,Weekly,23.73,123.2,False,False,164.7,95.1,2025-07-25
18ff948f-d32b-45e3-a843-a836383a3b81,36-45,43,61,Female,East,Former Smoker,Daily,21.14,132.0,False,False,193.1,89.5,2025-04-27
bdb8220e-180f-4772-a452-c805642595b8,60+,62,56,Male,North,Non-Smoker,Weekly,18.85,170.1,False,False,182.1,105.8,2026-03-01
a751d288-3c10-4d82-8fb6-b5bd8780337e,18-25,24,63,Male,West,Non-Smoker,Rarely,24.73,139.1,False,False,155.1,108.2,2025-06-06
69a497bc-43b1-4c22-80cf-a06433cb1bac,18-25,20,84,Female,North,Non-Smoker,Rarely,25.14,127.6,False,True,180.1,84.8,2025-02-02
2e93c31e-87fa-46b4-a6a2-87bcc8b9ed81,36-45,41,63,Female,North,Former Smoker,Rarely,24.05,138.1,False,False,199.9,109.4,2025-04-19
c4162e4a-c9e4-4acb-a4fc-f3eec63682e9,18-25,24,66,Male,South,Non-Smoker,Weekly,22.24,110.7,False,False,132.3,78.9,2026-07-04
c30d0e72-5e22-482a-9c2e-a4ad19f348d0,18-25,23,93,Female,West,Non-Smoker,Never,28.57,140.2,False,False,179.1,103.9,2026-08-18
6ba0b997-e602-4883-8b93-c9066d46c648,18-25,21,54,Female,North,Smoker,Daily,20.36,116.2,False,False,205.3,75.2,2025-01-06
f8c29454-7d3a-4af6-9151-dba61aed3993,46-60,53,61,Female,East,Non-Smoker,Rarely,24.94,144.0,False,False,168.4,88.0,2026-01-19
c9ad56b0-fc5f-4970-9d5e-23fcc28540d4,26-35,31,74,Female,North,Non-Smoker,Weekly,27.47,154.2,False,False,196.9,95.2,2025-12-16
142d2175-ed24-4d7a-91b3-e65f7e4aa3ea,60+,62,90,Male,North,Non-Smoker,Rarely,29.69,148.7,False,True,215.5,131.5,2025-04-18
a1fb701c-7a69-4c01-976b-abdb62e4aa58,46-60,49,40,Male,East,Smoker,Weekly,16.0,135.3,False,False,215.4,99.6,2026-06-12
31ecf29d-9033-4058-b50a-2c992ec0bbd7,26-35,29,47,Male,South,Non-Smoker,Weekly,20.63,109.9,False,False,120.0,94.6,2025-11-25
33c7f1f6-7b3a-4013-981e-1eb4be3c3b3c,60+,71,84,Female,North,Non-Smoker,Daily,31.14,158.0,False,False,225.9,118.8,2025-04-28
ad63f6b0-ef37-4e22-83a9-72b8ad2d94bd,60+,65,70,Male,West,Non-Smoker,Never,26.16,142.9,False,True,194.9,114.0,2026-03-15
859ee298-1ea8-46b2-b846-cabb80e7f09c,60+,74,72,Female,North,Former Smoker,Weekly,27.28,148.1,False,False,243.0,114.5,2026-04-25
beb9961e-404c-4244-b8bf-f214b0fc69c5,26-35,26,68,Female,South,Former Smoker,Weekly,23.74,125.6,False,False,141.3,78.9,2026-09-12
fde5a40d-1fab-40e6-ba97-6ec9fa0a93cc,26-35,32,68,Female,West,Non-Smoker,Weekly,22.53,121.8,False,False,161.4,95.4,2026-02-24
5e7bc173-d85f-4656-9adf-38e2673f666c,18-25,24,53,Male,East,Non-Smoker,Rarely,18.78,120.4,False,False,149.9,93.2,2025-06-27
9fa99af4-63a1-4f53-a5bf-3844108097d6,46-60,51,67,Male,South,Non-Smoker,Daily,19.68,125.2,False,False,171.7,88.8,2026-04-19
48262e51-321a-4618-9f1a-b110f347cf25,46-60,60,74,Male,West,Smoker,Never,28.22,169.4,False,False,217.6,123.0,2025-07-02
7d62b932-22a1-4d03-9d27-c849b74eb2f3,60+,71,77,Male,South,Non-Smoker,Weekly,28.11,171.3,False,True,196.2,107.7,2025-04-29
0255cd65-036e-4d72-b6e0-8f63d4faf6c8,46-60,47,70,Female,North,Smoker,Never,24.7,151.2,False,False,148.3,88.3,2025-09-09
56fb9651-47ec-44c4-aee7-4c991fbb757b,46-60,59,73,Male,West,Non-Smoker,Daily,25.04,161.2,False,True,215.7,106.9,2025-01-19
97130517-7288-4b24-89bd-0dedd2494ce4,46-60,47,52,Female,South,Former Smoker,Rarely,16.56,125.8,False,False,190.6,70.6,2025-12-30
96079fde-258c-45cd-80b7-ecd1ce72f4ff,46-60,48,60,Female,South,Former Smoker,Weekly,23.32,141.9,False,False,163.6,110.9,2025-09-16
33b2805e-3763-415d-a700-eab0c238cfc9,60+,73,76,Male,North,Non-Smoker,Rarely,28.99,156.6,False,True,187.5,115.5,2025-10-28
a2e5a040-c1c0-4c31-ad86-e0792f810617,26-35,26,58,Female,East,Non-Smoker,Weekly,22.23,120.2,False,False,172.2,99.3,2026-07-14
00c01b46-8485-4548-b11a-c9d4c29c10c2,18-25,18,63,Male,East,Non-Smoker,Weekly,24.34,119.9,False,False,132.1,81.4,2026-08-20
9b60ced5-796b-4fa2-9175-8eb961690169,60+,70,58,Male,North,Non-Smoker,Daily,20.85,144.4,False,False,181.6,114.8,2025-09-02
4b8aa69f-47b9-43de-a4b9-c32f71ecbee0,46-60,60,72,Male,West,Non-Smoker,Weekly,23.75,153.8,False,False,219.3,99.9,2025-04-18
097b14a4-12cd-4832-8fb0-04eb4bb64be3,60+,65,61,Female,East,Non-Smoker,Weekly,21.07,152.2,False,False,170.5,111.2,2026-01-31
7c01b02a-2227-4d6d-add0-8c5d69ad12e4,36-45,39,59,Male,North,Non-Smoker,Never,20.5,124.2,False,False,152.4,101.5,2026-06-25
37c66c1c-d185-4bbb-8ade-54390392b6b7,36-45,45,74,Female,West,Former Smoker,Rarely,24.4,125.2,False,False,177.9,108.5,2025-03-05
e5556075-4aad-4a85-b82b-d52c18b268b6,36-45,38,65,Male,West,Former Smoker,Rarely,22.5,109.1,False,False,170.2,109.6,2025-01-20
3ad93297-66c0-46c6-bd22-e5ed73ced161,18-25,20,63,Other,East,Smoker,Weekly,20.87,106.5,False,False,180.9,85.4,2025-04-13
83438eb1-fe74-4870-bcd1-bebbb2218dff,26-35,33,80,Female,West,Smoker,Weekly,29.01,140.9,False,False,166.2,108.5,2026-03-24
480aa9e0-096a-4e8b-8bd0-13bc11bbcd5d,60+,79,85,Female,North,Non-Smoker,Rarely,27.84,175.0,False,True,260.7,113.4,2026-08-27
f884186a-7dd2-4ba6-ab15-2f4c1cbac08b,60+,76,88,Male,North,Smoker,Rarely,27.84,148.3,False,False,157.8,115.0,2025-09-05
a8d9241d-d14e-48a7-8a57-fc343ab0949d,46-60,51,54,Male,East,Non-Smoker,Weekly,19.91,112.6,False,False,199.3,76.2,2025-08-20
2e0f8983-b807-4eab-83b2-e59c64887fdc,26-35,29,82,Male,North,Non-Smoker,Never,26.3,137.1,False,False,172.4,121.5,2025-02-18
02dcb865-27ce-4cad-9361-01e4a230b877,26-35,32,69,Male,South,Non-Smoker,Weekly,25.38,137.5,False,False,140.4,113.9,2025-04-20
1f1dcd81-5be2-4ae8-847a-1d1f15c0f9e4,46-60,49,50,Male,North,Smoker,Weekly,17.3,134.4,False,False,213.3,83.6,2025-09-28
88175fd6-0f9d-4896-b76a-d99020dff795,36-45,42,42,Female,West,Non-Smoker,Daily,17.36,119.5,False,False,203.0,94.2,2025-12-17
5d005392-4338-4be5-af1a-703ace5efdeb,60+,79,78,Female,South,Former Smoker,Rarely,25.85,166.8,False,True,248.6,120.4,2026-08-05
67ef29a9-dd7f-450b-a384-1dd787ebd6e5,26-35,30,70,Female,South,Non-Smoker,Never,27.36,129.5,False,False,202.9,114.9,2026-08-18
2f31cf21-aab9-47d6-8b8f-3b096eed372d,46-60,56,60,Male,North,Non-Smoker,Daily,21.86,156.9,False,False,171.7,114.5,2025-12-19
4ef26181-c7b4-48f2-b5a3-d9d5a5598c1e,60+,74,62,Male,East,Smoker,Rarely,23.75,166.4,False,False,232.8,111.5,2026-09-27
d6bbeef1-9512-4500-abb0-e43ed2e2f0f3,18-25,23,62,Female,North,Non-Smoker,Weekly,22.82,124.8,False,False,186.4,104.2,2025-12-29
cb637ae4-f8a3-4ba1-87f8-f84ce326c593,60+,68,110,Male,North,Non-Smoker,Never,31.27,158.4,False,True,203.5,122.5,2025-06-30
24c835c1-ff9e-4e96-98ce-58b97822be51,26-35,34,72,Female,South,Non-Smoker,Rarely,24.27,119.7,False,False,180.2,102.5,2025-08-17
97e2a3b3-8645-4496-90e6-8737290f9723,60+,77,76,Female,South,Non-Smoker,Daily,26.25,131.4,False,False,232.2,133.0,2026-01-26
6d1cb6b0-8bc2-4017-8fd5-0c73be5a49f4,18-25,19,61,Female,East,Smoker,Weekly,19.08,120.6,False,False,159.4,83.9,2025-05-19
b8df37b8-b1f3-466e-8e70-9306b7a2030a,36-45,40,74,Male,East,Non-Smoker,Daily,25.09,126.6,False,False,142.9,122.5,2025-05-31
81787fc5-f968-4682-bbdc-7ad179a10946,60+,75,67,Female,South,Former Smoker,Never,26.28,163.3,False,False,164.4,104.3,2025-07-10
07e946f9-aa1f-4223-b3be-bb59ee9c7e1a,18-25,20,60,Female,East,Non-Smoker,Weekly,21.54,116.0,False,False,144.1,65.0,2025-07-29
8ffda126-a8f2-411a-9b43-863d5dca35c3,60+,69,63,Female,North,Non-Smoker,Weekly,24.43,136.1,False,False,194.2,112.4,2026-01-30
b29dce29-f3e9-467d-ba0e-e27f3a4af799,60+,77,63,Female,South,Former Smoker,Never,23.42,161.2,False,False,215.3,113.3,2025-01-28
06f961ed-8a67-4a5d-9bff-2c06fc03f7ab,26-35,35,65,Female,West,Former Smoker,Daily,25.31,117.8,False,False,174.2,98.0,2025-11-11
2e0c5071-ca27-42f4-adb1-1378a980b09c,60+,62,80,Female,West,Smoker,Never,23.35,137.4,False,False,225.1,101.6,2025-07-07
903a5062-40f9-417d-bc98-42b8d92d828b,18-25,24,63,Male,North,Former Smoker,Rarely,25.6,117.7,False,False,183.4,128.3,2026-01-26
395d4044-7a20-495e-b7fd-29c71331b9dd,26-35,33,64,Male,North,Non-Smoker,Weekly,21.13,128.9,False,False,164.0,71.7,2026-08-26
825d6c17-3d06-4e50-aa0b-1d287cd8b708,18-25,24,40,Female,East,Non-Smoker,Daily,16.0,124.4,False,False,174.9,80.1,2026-03-23
b14efcdf-43cb-4592-b304-c1b9f70238b2,60+,62,64,Male,East,Smoker,Weekly,26.06,158.3,False,False,224.8,117.5,2026-03-18
871f4425-f889-4fce-b7b1-e3faa6355f0f,26-35,29,58,Male,South,Non-Smoker,Daily,18.28,99.5,False,False,161.7,94.6,2026-04-05
e4f7851b-58c8-4bc4-8479-1a71246735eb,46-60,47,72,Male,North,Non-Smoker,Weekly,25.97,132.6,False,False,204.9,108.8,2026-05-11
cd4c5f81-9dcc-4c8d-87bc-f09deb2da1e6,46-60,58,65,Female,South,Non-Smoker,Weekly,21.99,144.8,False,False,171.8,113.3,2025-05-23
a66574bf-5c9d-4453-bd19-b727cbe83dd5,46-60,48,65,Female,South,Non-Smoker,Never,26.75,136.4,False,False,165.9,126.2,2025-01-31
b0d7a7e9-d5e1-4d9e-9224-5c87d9944247,36-45,37,50,Male,North,Non-Smoker,Weekly,20.44,118.7,False,False,130.8,108.2,2025-02-08
97848b50-b624-4c85-a3ec-c3c6fe02dd88,26-35,26,71,Female,South,Non-Smoker,Weekly,29.55,143.2,False,False,227.3,96.8,2026-09-19
82e8cde6-5d3f-4b74-95bd-d1cf337f1e6f,36-45,39,46,Male,North,Smoker,Daily,21.83,133.0,False,False,155.3,101.9,2026-07-16
65952ce7-d40b-45a2-9820-ea63d3c167d1,26-35,33,86,Female,South,Non-Smoker,Rarely,26.38,130.7,False,False,155.0,86.4,2025-01-24
91338162-c8d7-4d04-9d78-80f62a5a4566,60+,62,61,Male,South,Non-Smoker,Rarely,19.46,137.8,False,True,168.4,88.3,2025-05-22
5251f7f0-5d97-4c47-b933-5b49fa38f821,36-45,38,67,Male,North,Former Smoker,Never,27.86,133.3,False,False,147.5,113.3,2026-09-13
88249f79-0d44-4251-a996-acaa56b30c76,60+,63,69,Male,West,Non-Smoker,Rarely,25.71,140.0,False,False,174.3,105.1,2026-07-25
568307b0-fbea-4294-b27f-4ca16c572990,36-45,38,81,Male,North,Non-Smoker,Daily,27.9,142.2,False,False,187.8,105.7,2025-12-30
2f8bd8e3-2f73-4d27-9d21-599782af88dc,46-60,48,66,Male,South,Non-Smoker,Daily,26.87,141.6,False,False,204.0,98.5,2025-07-20
a42e2efe-cee2-4216-baf4-0374f7ad788e,36-45,39,84,Male,South,Non-Smoker,Rarely,26.94,137.0,False,False,162.7,105.0,2026-05-07
f3b47c56-38ac-46c0-9234-839de61c4486,18-25,24,68,Female,East,Non-Smoker,Rarely,25.8,120.2,False,False,179.1,84.2,2025-08-29
d8743cff-7873-4594-9d9b-d1fa99bc92d3,26-35,30,68,Female,South,Non-Smoker,Weekly,20.9,105.0,False,False,130.9,83.4,2025-08-03
ef271754-d0d8-4c8d-b039-da2ff45c82b5,60+,77,67,Female,East,Smoker,Never,28.7,169.6,False,False,249.7,123.6,2025-04-19
c0665d5d-1190-4a66-9400-7688756e569c,60+,70,82,Male,South,Non-Smoker,Rarely,32.7,168.0,False,True,243.9,109.5,2025-02-13
215fc633-da4e-4cd7-a46d-efee21216847,26-35,29,40,Female,East,Smoker,Daily,17.42,107.3,False,False,204.6,89.9,2025-09-29
0726b317-9993-42b7-9409-43c508b39d04,26-35,31,71,Female,East,Smoker,Weekly,21.37,109.2,False,False,166.8,85.5,2025-02-21
53d0cee7-cf0c-4428-804e-d2b95257e761,46-60,59,68,Male,East,Non-Smoker,Daily,22.96,142.0,False,False,229.3,114.4,2026-03-27
65f980d5-6283-467d-be28-d7e15af14473,60+,68,66,Female,West,Non-Smoker,Weekly,23.32,157.6,False,False,208.7,101.9,2026-03-13
324a5a24-2464-4327-8fc1-6db42348a528,36-45,44,90,Male,East,Non-Smoker,Never,29.25,140.9,False,False,228.4,113.8,2025-12-07
9f1a4c5f-c586-4ea4-ac40-6814475befec,46-60,60,81,Female,South,Smoker,Never,29.95,173.3,False,False,194.8,137.4,2025-02-27
991e34a8-2eb4-43aa-956f-eb51bc8793af,18-25,24,85,Female,North,Smoker,Rarely,22.96,120.6,False,False,225.4,113.3,2026-01-05
39213339-dd5a-45f6-b8f7-1f2d6bb16ad7,26-35,34,50,Female,West,Former Smoker,Rarely,21.82,126.9,False,False,175.1,98.5,2025-09-18
74b5a6df-5479-4c69-83d2-d286e7a1cd36,26-35,35,78,Female,West,Former Smoker,Weekly,29.08,135.0,False,False,193.0,102.1,2025-04-05
c928a2e9-08c0-4c39-ba88-ad4639956bdf,18-25,20,54,Male,South,Smoker,Rarely,19.11,103.9,False,False,197.8,79.1,2025-07-04
1dcae1fd-1fae-4297-912f-e24ec1affa6a,26-35,30,45,Female,North,Non-Smoker,Daily,16.13,123.5,False,False,180.7,73.1,2025-09-14
51c2e7c9-e6a7-4f60-a9fd-f62b3361271b,60+,72,72,Female,East,Non-Smoker,Daily,28.58,154.7,False,False,169.3,119.7,2025-03-23
6e851d5d-5102-4a92-9730-023babbed255,36-45,44,71,Male,North,Non-Smoker,Daily,27.66,140.8,False,False,176.4,102.8,2025-10-26
d29d7109-52b8-4a9f-9fe0-4a2b7c1b3a23,60+,74,65,Male,West,Former Smoker,Never,30.87,166.2,False,False,234.3,140.8,2025-05-23
e944330a-7040-4760-a10b-b79d32bf4b24,18-25,20,49,Male,North,Non-Smoker,Rarely,18.89,108.6,False,False,154.5,106.8,2025-02-08
f74e5666-d726-45d0-89a0-13e0a0d42ac8,26-35,30,56,Female,North,Smoker,Daily,20.32,124.8,False,False,152.1,79.1,2025-11-05
e88bcdf4-373c-4a37-8d06-6d9a0839e985,46-60,60,102,Other,North,Non-Smoker,Never,37.47,184.4,False,True,236.4,137.5,2025-07-23
1c03070d-57c7-407c-a6c7-ef6992e508c1,36-45,44,83,Male,East,Non-Smoker,Never,23.82,129.1,False,False,142.8,119.5,2026-07-11
a0d2de48-0cbd-4bfa-95b3-d0b630c61482,26-35,27,54,Female,West,Non-Smoker,Daily,17.17,92.3,False,False,157.4,65.3,2025-08-10
e7f54957-a9ea-43c5-aedd-6a458f0501a1,18-25,19,78,Male,East,Smoker,Weekly,25.83,132.3,False,False,152.3,93.6,2025-02-11
d55659f9-9645-468d-aadf-67430d6bff64,18-25,19,68,Male,North,Former Smoker,Rarely,21.7,114.2,False,False,165.1,98.4,2025-04-08
6dbb63b0-dd20-450b-b7f0-0287ca334e64,60+,65,61,Female,North,Smoker,Never,18.78,141.2,False,False,195.3,113.4,2026-07-14
236b49fe-3f85-4cb9-b120-e43887f7e9d5,36-45,41,59,Male,North,Non-Smoker,Weekly,22.14,113.5,False,False,182.1,100.6,2026-04-25
e27e0d6f-c953-4e40-9003-0c1e127d5fde,60+,61,57,Male,West,Non-Smoker,Weekly,21.2,133.4,False,False,167.9,93.8,2025-03-31
908f4cf4-0465-41f5-a43d-f3b11647da5a,26-35,28,60,Female,East,Smoker,Weekly,21.54,114.9,False,False,170.6,65.0,2025-05-11
0b516799-cf32-4b6b-a02b-993d2d639764,18-25,18,71,Male,East,Former Smoker,Weekly,25.65,125.3,False,False,135.7,97.8,2026-05-03
70c89cfd-8662-41e6-904c-a245684dcd89,46-60,52,56,Other,North,Non-Smoker,Weekly,24.58,139.6,True,False,174.4,101.3,2026-06-30
d517a77f-7773-4d31-a2c6-1863f7f4563d,46-60,57,62,Female,West,Smoker,Rarely,22.84,146.8,False,False,179.9,109.6,2026-05-25
a5d260a8-9d0c-4755-9ae0-551b080e50b3,36-45,43,73,Female,North,Smoker,Rarely,26.12,138.6,False,False,193.6,119.5,2025-01-20
c0b4fe1a-74c1-46de-8238-9dce62eebd02,46-60,56,84,Male,East,Non-Smoker,Rarely,28.53,146.4,False,False,199.1,100.0,2025-11-07
1a1faa40-3201-433a-98ad-0551c2df7992,60+,64,77,Female,North,Smoker,Weekly,25.34,151.3,False,False,208.1,121.0,2026-07-04
259dec6d-59d5-4321-8b68-74bdf6a9fa8b,46-60,56,67,Female,South,Non-Smoker,Weekly,25.97,147.4,False,False,208.1,91.5,2026-05-02
f66c221b-ccc1-4d47-af02-3df792c8d574,36-45,36,62,Male,East,Smoker,Daily,23.98,117.9,False,False,191.4,83.5,2025-01-16
5f180de0-7bb6-47e6-a339-a1caba24ec7e,18-25,22,72,Male,East,Non-Smoker,Weekly,23.32,116.7,False,False,158.4,77.2,2026-08-26
fdb75008-8e13-46ae-a010-fca4311a931b,26-35,30,74,Female,East,Former Smoker,Rarely,26.23,125.7,False,False,182.5,112.8,2025-01-03
79625b98-358d-4715-944c-6a8b1bfb629b,60+,65,52,Female,West,Non-Smoker,Weekly,20.3,154.9,False,False,179.3,95.4,2026-07-30
bcae527c-2155-49c8-a0cf-bf21059bf349,60+,78,88,Male,South,Non-Smoker,Rarely,26.82,141.1,False,False,190.8,110.9,2025-01-10
ee0860e7-f7f6-4dc5-9771-caf1c30855ba,46-60,56,73,Female,West,Non-Smoker,Weekly,25.94,142.5,False,False,225.8,116.1,2026-01-03
f410852a-752f-4b56-ab89-becd790dbd30,60+,74,62,Other,West,Non-Smoker,Rarely,23.33,141.0,False,False,191.2,110.0,2026-09-10
427b53ac-3771-4d95-b102-02a7624b2166,46-60,52,75,Male,North,Former Smoker,Weekly,25.44,140.4,False,False,175.4,115.0,2026-02-02
c66c245a-77b0-4cdc-a7cf-7d3c33b421a7,46-60,58,60,Female,South,Non-Smoker,Weekly,21.95,141.1,False,False,193.1,118.2,2025-11-28
03b5b9f9-c1c4-429e-8821-124c48f0f862,26-35,29,75,Male,North,Non-Smoker,Rarely,24.71,131.6,False,False,231.4,92.6,2025-01-30
e8b8ffe9-10c6-49c4-92d8-20717c58968e,26-35,26,69,Male,East,Former Smoker,Weekly,26.89,125.7,False,False,202.3,113.2,2026-04-16
228f41e3-0c81-42c5-ad3b-821b8b98a7a1,60+,77,65,Female,West,Former Smoker,Rarely,27.43,138.7,False,False,238.9,121.5,2026-01-24
58fa77aa-a4d5-473d-929f-47d923d38332,60+,68,65,Female,East,Smoker,Never,28.35,161.3,False,False,234.5,132.1,2026-03-05
253c3d2d-7f55-4fc4-bbed-1e3e0dc4968c,60+,63,61,Male,South,Non-Smoker,Weekly,20.31,143.6,False,False,201.7,88.9,2025-05-01
4bfaab88-4bfb-49ee-9651-4c067bf0bae2,60+,69,74,Female,East,Smoker,Rarely,25.65,159.0,False,False,197.0,110.2,2025-08-28
32c42b2e-6919-4e4d-bf4e-f378b667ae67,46-60,46,75,Male,West,Non-Smoker,Rarely,21.58,149.5,False,False,177.6,93.5,2025-03-21
04f437b2-e5e4-4836-8be6-911e7f91bd76,18-25,18,45,Female,South,Non-Smoker,Weekly,16.0,94.4,False,False,132.7,78.2,2026-04-01
d288e773-0bea-4564-baf3-69672ffc025b,26-35,33,95,Female,West,Non-Smoker,Weekly,29.08,128.2,False,False,231.9,119.3,2025-02-15
06d465f6-0b00-4d09-bd28-8a8ccb232978,36-45,40,74,Male,West,Non-Smoker,Never,27.94,125.9,False,False,198.1,115.6,2026-08-23
5f84a39c-8293-48e8-b8d9-756a88864cac,18-25,25,59,Male,North,Non-Smoker,Weekly,23.32,115.4,False,False,189.8,73.5,2025-08-07
6d4c922e-e6e2-442d-929a-f2e674263b0a,60+,74,52,Male,South,Non-Smoker,Weekly,20.1,143.6,False,False,208.5,103.5,2026-06-18
9a18b00a-cefa-476f-9b24-fc3da2470c71,60+,79,69,Male,North,Non-Smoker,Rarely,27.58,179.4,False,True,208.5,115.7,2025-10-08
ee8f3820-f0c6-4b9c-9fe2-76b5dac4b8d7,46-60,60,60,Female,North,Non-Smoker,Daily,22.1,149.8,False,False,179.7,104.2,2026-09-29
1aa5586a-2954-4b82-a611-dce3ab6ab234,18-25,23,74,Other,East,Non-Smoker,Rarely,23.98,136.2,False,False,192.7,96.4,2026-08-29
1f1d315f-3043-4f89-b0e4-c60e258ba84c,60+,68,71,Male,East,Non-Smoker,Weekly,21.7,123.5,False,False,212.0,100.0,2025-08-13
d211414e-2785-4868-bcdc-68a573d3d1ae,36-45,42,53,Male,East,Non-Smoker,Weekly,17.69,106.6,False,False,178.7,78.8,2026-02-23
2c12fa34-8f47-4419-9744-7dcf0f95bf10,46-60,52,59,Male,East,Former Smoker,Weekly,22.42,131.1,False,False,183.6,116.2,2026-08-08
01902120-6ea9-4e7b-be77-02d7f08719ab,36-45,40,69,Male,South,Smoker,Daily,25.81,129.3,False,False,202.8,82.7,2025-10-12
9f6dff1f-10da-49c5-89f8-6e92422ff268,60+,75,70,Female,South,Non-Smoker,Weekly,26.2,172.7,False,True,224.9,135.8,2025-10-15
1e1eb6bb-d376-4f81-ae48-702b9688b3e7,60+,73,79,Female,East,Smoker,Weekly,24.19,151.3,False,False,228.0,124.1,2026-01-09
725df7b6-a424-4fdc-b962-f2baa0d9bf5a,26-35,30,62,Female,North,Non-Smoker,Rarely,24.25,114.0,False,False,181.4,98.3,2026-06-19
b1c6b24c-06c4-4774-9044-2599f3c1cb7c,46-60,53,75,Male,South,Former Smoker,Weekly,24.59,142.3,False,False,207.3,93.0,2026-08-12
e055efb2-5203-4aea-9dc6-13bf673c48ae,18-25,21,71,Male,East,Former Smoker,Weekly,27.66,124.9,False,False,172.2,90.0,2025-07-30
7acd6151-690a-424b-bc18-08dabec1fcd9,26-35,31,73,Male,North,Non-Smoker,Rarely,29.19,138.8,False,False,190.9,93.5,2026-05-16
a11ecf7c-b7ad-476f-b6eb-2d1510a1556e,36-45,42,57,Other,North,Non-Smoker,Weekly,22.37,132.2,False,False,200.5,118.8,2025-09-10
825e9bf8-53df-4668-a4cb-4ae69c147fc7,46-60,55,53,Male,South,Smoker,Daily,21.82,139.5,False,False,170.7,90.7,2025-02-10
707fbb34-a5d2-47fe-b89f-67188638a7d8,26-35,28,64,Female,South,Non-Smoker,Weekly,23.35,130.7,False,False,163.3,97.4,2025-12-22
598fc7b7-6e2c-4916-9514-9b22afa4dfe3,60+,62,64,Male,West,Smoker,Rarely,26.34,166.6,False,False,211.5,106.3,2025-10-24
4095d3d7-cc44-44a0-b2a1-8458b4430260,26-35,33,74,Male,West,Non-Smoker,Daily,25.33,127.4,False,False,178.7,96.2,2025-11-19
e79cdc88-e52a-401b-a3b5-078e5da9f6ae,36-45,38,52,Male,North,Non-Smoker,Rarely,20.54,140.6,False,False,178.4,101.2,2026-02-19
df3dae9d-7ae0-4901-acfd-76061d946cc3,46-60,50,53,Male,West,Smoker,Weekly,18.2,147.4,False,False,198.2,89.7,2025-03-03
e5e90203-685e-4116-bb33-b15692b76dfe,18-25,25,60,Female,North,Non-Smoker,Rarely,19.92,114.8,False,False,139.9,78.7,2025-09-15
2e8869eb-71e1-48b3-a40d-4dff06f42f67,60+,80,70,Female,South,Non-Smoker,Weekly,25.61,145.4,False,False,213.3,98.5,2026-07-17
1e63ef10-b20d-4296-91f5-337b8cd6cc1a,60+,76,86,Female,West,Non-Smoker,Weekly,32.54,147.3,False,False,218.6,122.8,2025-11-23
205eafe0-2ea0-499a-9b20-9745f0897322,60+,76,66,Male,South,Non-Smoker,Weekly,23.63,142.6,False,False,183.6,102.6,2026-07-23
ce024536-55da-4555-9526-75544fc582d8,60+,69,71,Female,East,Smoker,Never,26.6,148.9,False,True,201.1,113.1,2026-02-12
d51a04ee-4537-4716-bbc9-bfc74b03a101,18-25,21,67,Female,West,Non-Smoker,Rarely,23.13,124.0,False,False,146.0,89.3,2025-12-14
aece7412-8bb5-4952-b1b4-f07608088763,46-60,49,85,Female,North,Former Smoker,Rarely,24.22,133.8,False,False,200.5,91.0,2025-12-21
f952710e-1c85-4e94-b0f8-4e06e96e68b1,46-60,47,60,Male,East,Former Smoker,Never,26.14,117.7,False,False,162.1,102.8,2025-02-07
